Macrocomune,"1,2-DIBROMOETANO","1,2-DICLOROETANO","1,3-DICLOROPROPENE","1,4 DICLOROBENZENE",1-ACIDO NAFTILACETICO,"2,4,5-TRICLOROFENOLO","2,4,5-TRICLOROFENOSSIACETICO ACIDO","2,4-DICLOROFENOLO","2,4-DICLOROFENOSSIACETICO ACIDO","2,4-DICLOROFENOSSIBUTIRICO ACIDO","2,4-DICOFOL","2,6-DICLOROBENZAMMIDE",2-IDROSSIATRAZINA,2-IDROSSITERBUTILAZINA,"3,4-DICLOROANILINA",? CIPERMETRINA e isomeri,? ENDOSULFAN e isomeri,? METALAXIL e METALAXIL-M,ABAMECTINA,ACEFATE,ACEQUINOCYL,ACETAMIPRID,ACETOCLOR,ACIBENZOLAR S METILE,ACLONIFEN,ACRINATRINA,ALACLOR,ALDICARB,ALDICARBSULFONE,ALDICARBSULFOSSIDO,ALFACIPERMETRINA,AMETOCTRADIN,AMETRINA,AMIDOSULFURON,AMISULBROM,AMITRAZ,AMPA,ANTIPARASSITARI CICLODIENE,ASULAME,ATRAZINA,ATRAZINA DESETIL,ATRAZINA DESETIL DESISOPROPIL,ATRAZINA DESISOPROPIL,AZIMSULFURON,AZINFOS-ETILE,AZINFOS-METILE,AZOSSISTROBINA,BENALAXIL,BENFLURALIN,BENFURACARB,BENOMIL,BENSULFURON-METILE,BENTAZONE,BIFENAZATO,BIFENOX,BISPIRIBAC-SODIO,BITERTANOLO,BOSCALID,BROMACILE,"BROMOFOS, BROMOFOS-METILE",BROMOFOS-ETILE,BROMOPROPILATO,BROMOXINIL-FENOLO,BROMUCONAZOLO,BUPIRIMATE,BUPROFEZIN,CADUSAFOS,CAPTANO,CARBARIL,CARBENDAZIM,CARBOFURAN,CARFENTRAZONE-ETILE,CHINOSSIFEN,CIALOTRINA-LAMBDA,CIANAZINA,CIAZOFAMID,CIBUTRINA,CICLOATO,CICLOXIDIM,CIMOXANIL,CIPERMETRINA,CIPERMETRINA beta,CIPERMETRINA theta,CIPERMETRINA zeta,CIPROCONAZOLO,CIPRODINIL,CIROMAZINA,"CIS-1,3-DICHLOROPROPENE",CLODINAFOP-PROPARGIL,CLOMAZONE,CLOPYRALID,CLORANTRANILIPROLO,CLORDANO,CLORDANO-alfa,CLORFENVINFOS,CLORIDAZON,CLOROTALONIL,CLOROTOLURON,CLORPIRIFOS,CLORPIRIFOS-METILE,CLORPROFAM,CLORSULFURON,CLOTHIANIDIN,CUMAFOS,CYANTRANILIPROLE,CYFLUFENAMID,DAMINOZIDE,DAZOMET,"DDD, op","DDE, op",DDT totale,"DDT, pp",DELTAMETRINA,DEMETON,DEMETON-O,DEMETON-S-METILE,DEMETON-S-METILE-SOLFONE,DIAZINON,DICAMBA,DICLOBENIL,DICLOFLUANIDE,DICLORAN,DICLORPROP,DICLORVOS,DICOFOL,DIFENAMIDE,DIFENILAMMINA,DIFENOCONAZOLO,DIFLUBENZURON,DIMETENAMID-P,DIMETENAMIDE,DIMETOATO,DIMETOMORF,DIMOSSISTROBINA,DINOCAP,DIQUAT,DISULFOTON,DITIANON,DIURON,DODEMORF,DODINA,EMAMECTINA BENZOATO,ENDOSULFAN,"ENDOSULFAN, alfa","ENDOSULFAN, beta",ENDOSULFAN-SOLFATO,EPOSSICONAZOLO,EPTACLORO,EPTACLORO ENDO EPOSSIDO,EPTENOFOS,ESACLOROBENZENE,ESACLOROCICLOESANO,ESACLOROCICLOESANO alfa,ESACLOROCICLOESANO beta,ESACLOROCICLOESANO delta,ESACLOROCICLOESANO gamma,ESAFLUMURON,ESAZINONE,ETEFON,ETION,ETOFENPROX,ETOFUMESATE,ETOPROFOS,ETOSSISULFURON,ETOXAZOLO,EXITIAZOX,Eptacloro ed eptacloro epossido,FAMOXADONE,FENAMIDONE,FENAMIFOS,FENARIMOL,FENAZAQUIN,FENBUCONAZOLO,FENHEXAMID,FENITROTION,FENMEDIFAM,FENOXICARB,FENPIROXIMATE,FENPROPATRIN,FENPROPIDIN,FENPROPIMORF,FENPYRAZAMINE,FENTION,FENTION SULFONE,FENTOATO,FIPRONIL,FLAZASULFURON,FLONICAMID,FLORASULAM,FLUAZIFOP-BUTYL,FLUAZIFOP-P-BUTILE,FLUAZINAM,FLUDIOXONIL,FLUFENACET,FLUFENOXURON,FLUOPICOLIDE,FLUOPYRAM,FLUROXIPIR,FLUROXIPIR-MEPTIL,FLUSILAZOLO,FLUTOLANIL,FLUTRIAFOL,FLUXAPYROXAD,FOLPET,FONOFOS,FORATE,FORCHLORFENURON,FORMETANATE,FORMOTION,FOSALONE,FOSETIL-ALLUMINIO,FOSMET,FOSTIAZATE,FOXIM,FURALAXIL,Fentin,GIBBERELLICO A3 ACIDO,GLIFOSATE,GLUFOSINATE,GLUFOSINATE-AMMONIO,IMAZALIL,IMAZAMOX,IMAZAPIR,IMAZOSULFURON,IMIDACLOPRID,INDOXACARB,IODOSULFURON-METILE-SODIO,IOXINIL,IPRODIONE,IPROVALICARB,ISOFENFOS,ISOPROTURON,ISOXABEN,ISOXAFLUTOLE,KRESOXIM-METILE,LENACIL,LINURON,LUFENURON,MALAOXON,MALATION,MANDIPROPAMID,MCPA,MECOPROP,MEPANIPYRIM,MEPTILDINOCAP,MESOSULFURON-METILE,MESOTRIONE,METABENZTIAZURON,METAFLUMIZONE,METALAXIL,METALAXIL-M,METAMIDOFOS,METAMITRON,METAZACLOR,METCONAZOLO,METIDATION,METIOCARB,METOBROMURON,METOLACLOR,METOLACLOR-ESA,METOMIL,METOSSICLORO,METOSSIFENOZIDE,METOXURON,METRAFENONE,METRIBUZIN,METSULFURON-METILE,MEVINPHOS,MICLOBUTANIL,MOLINATE,MONOCROTOFOS,MONOLINURON,MONURON,MPPA,NAFTALENE,NAPROPAMIDE,NICOSULFURON,OMETOATO,OSSIDEMETON-METILE,OXADIAZON,OXADIXIL,OXAMIL,OXIFLUORFEN,PARAOXON-METILE,PARATION-ETILE,PARATION-METILE,PENCICURON,PENCONAZOLO,PENDIMETALIN,PENTACLOROBENZENE,PENTACLOROFENOLO,PENTHIOPYRAD,PERMETRINA,PETOXAMIDE,PICLORAM,PICOXISTROBIN,PIMETROZINA,PINOXADEN,PIRACLOSTROBIN,PIRAZOFOS,PIRETRINE,PIRIDABEN,PIRIDAFENTION,PIRIMETANIL,PIRIMICARB,PIRIMICARB-DESMETILE,PIRIMIFOS-ETILE,PIRIMIFOS-METILE,PRETILACLOR,PROCIMIDONE,PROCLORAZ,PROFENOFOS,PROMETRINA,PROPACLOR,PROPAMOCARB,PROPANIL,PROPARGITE,PROPAZINA,PROPICONAZOLO,PROPIZAMIDE,PROPOXUR,PROPOXYCARBAZONE SODIO,PROPOXYCARBOZONE,PROSULFOCARB,PROSULFURON,PROTOATO,PYRIPROXYFEN,QUINCLORAC,QUINTOZENE,QUIZALOFOP-ETILE,QUIZALOFOP-ETILE-D-ISOMERO,RIMSULFURON,ROTENONE,S-METOLACLOR,SEBUTILAZINA,SEDAXANE,SIMAZINA,SPINETORAM,SPINOSAD,SPIRODICLOFEN,SPIROMESIFEN,SPIROTETRAMMATO,SPIROXAMINA,SULCOTRIONE,SULFOXAFLOR,"T-1,3-DICLOROPROPENE",TAU-FLUVALINATE,TEBUCONAZOLO,TEBUFENOZIDE,TEBUFENPIRAD,TEFLUBENZURON,TEFLUTRIN,TEMEFOS,TERBUMETON,TERBUTILAZINA,TERBUTILAZINA (incluso metabolita),TERBUTILAZINA-DESETIL,TERBUTRINA,TETRACLORVINFOS,TETRACONAZOLO,TETRADIFON,THIENCARBAZONE METILE,TIABENDAZOLO,TIACLOPRID,TIAMETOXAM,TIFENSULFURON-METILE,TIOBENCARB,TIOCARBAZIL,TIODICARB,TIOPHANATE-METHYL,TOLCLOFOS-METILE,TOLILFLUANIDE,TRALCOXIDIM,TRANS-CHLORDANE,TRIADIMEFON,TRIADIMENOL,TRIALLATE,TRIASULFURON,TRIAZAMATE,TRIAZOFOS,TRIBENURON-METILE,TRICICLAZOLO,TRICLOPIR,TRICLORFON,TRIFLOXISTROBIN,TRIFLUMURON,TRIFLURALIN,TRITICONAZOLO,VAMIDOTION,VINCLOZOLIN,ZINOFOS,ZOXAMIDE
Agrigento,0,0,0,0,0.011,0,0.0,0,0.0139999999999999,0.0,0,0.0,0.0,0.0,0,0,0,0.0,0,0.0,0,0.071,0.0,0,0.0,0,0.0,0,0,0,0,0.0,0.0,0,0,0,5.47,0.0,0,0.0,0.0,0.0,0.0,0.0,0,0,0.005,0.0,0,0,0,0.0,0.0069999999999999,0,0.0,0.0,0,0.057,0.01,0,0,0,0,0,0.002,0,0,0,0.0,0.04,0.0,0,0.0,0,0.0,0,0.0,0,0.0,0,0.0,0,0,0,0.05,0.009,0.0,0,0,0.0,0.0,0.05,0,0.001,0.0,0.0,0,0.0,0.0,0.0,0.0,0.0,0.0,0.0,0,0.0,0,0,0.0,0.0006,0.0,0.0,0,0,0.0,0,0,0,0.0,0,0,0,0,0.00018,0.0,0,0.0,0.0,0,0.0,0.0,0.025,0.0,0,0.0,0,0,0.0,0.122,0,0.0,0,0,0.0,0,0,0,0,0,0,0.0,0.0,0.0,0.0,0.0,0.0,0,0,0,0,0,0.0,0.0,0.0,0,0,0.0,0,0,0.0,0,0,0,0.08,0,0.0,0,0,0,0,0,0.0,0,0,0,0.0,0,0.015,0,0,0.0,0,0.01,0.0,0,0.0,0.0,0.0,0.0,0,0,0.0,0.0,0,0,0,0,0,0,0,0.0,0,0,0,0.002,0,0,5.8,0,0,0,0.0,0,0.0,0.179,0,0,0.0,0,0.0,0,0.0069999999999999,0.0,0.0,0,0.0,0.0,0,0,0,0.0,0.02,0.14,0,0,0.0,0.0,0,0,0.03,0.0,0.0,0.0,0.0,0,0,0.0,0,0.0,0.0,0.0,0,0.009,0,0.0,0.0,0.0,0,0.157,0.0,0,0,0,0,0,0.0,0.0,0,0,0.0,0,0.0,0.0,0,0.0,0.011,0,0.1969999999999999,0.0,0.0,0,0.0,0,0.0,0.006,0,0,0,0.0,0,0,0,0,0.01,0.013,0.0,0,0,0.0,0.0,0.0,0,0.0,0,0.015,0,0,0.0,0.0,0.0,0.0,0,0,0,0.0,0,0,0.0,0,0,0,0.0,0.0,0.0,0,0,0.0,0,0,0,0,0.0,0.008,0.0,0,0,0,0.035,0.0,0,0,0.013,0,0,0.0,0.0,0,0.011,0,0.02,0.0,0,0.002,0.005,0.009,0,0,0,0,0.005,0.0,0,0,0.001,0,0.0,0,0.0,0,0,0.0,0.0,0.0,0,0.0,0,0.0,0,0,0,0,0.0
Ancona,0,0,0,0,0.0,0,0.0,0,0.0,0.0,0,0.0,0.0,0.0,0,0,0,0.0,0,0.0,0,0.0,0.0,0,0.046,0,0.0,0,0,0,0,0.0,0.0,0,0,0,0.0,0.0,0,0.0,0.0,0.0,0.0,0.0,0,0,0.0,0.0,0,0,0,0.0,0.0,0,0.0,0.0,0,0.0,0.0,0,0,0,0,0,0.0,0,0,0,0.0,0.0,0.0,0,0.0,0,0.0,0,0.0,0,0.0,0,0.0,0,0,0,0.0,0.0,0.0,0,0,0.0,0.0,0.0,0,0.0,0.0,0.0,0,0.0,0.0,0.0,0.0,0.0,0.0,0.0,0,0.0,0,0,0.0,0.0,0.0,0.0,0,0,0.0,0,0,0,0.0,0,0,0,0,0.0,0.0,0,0.0,0.0,0,0.0,0.0,0.13,0.0,0,0.0,0,0,0.0,0.07,0,0.0,0,0,0.0,0,0,0,0,0,0,0.0,0.0,0.0,0.0,0.0,0.0,0,0,0,0,0,0.0,0.0,0.0,0,0,0.0,0,0,0.0,0,0,0,0.0,0,0.0,0,0,0,0,0,0.0,0,0,0,0.0,0,0.0,0,0,0.0,0,0.0,0.0,0,0.0,0.0,0.0,0.0,0,0,0.0,0.0,0,0,0,0,0,0,0,0.0,0,0,0,0.0,0,0,0.0,0,0,0,0.0,0,0.0,0.0,0,0,0.0,0,0.0,0,0.0,0.0,0.0,0,0.0,0.0,0,0,0,0.0,0.0,0.0,0,0,0.0,0.0,0,0,0.0,0.0,0.0,0.0,0.0,0,0,0.0,0,0.0,0.0,0.0,0,0.0,0,0.0,0.0,0.0,0,0.0,0.0,0,0,0,0,0,0.0,0.0,0,0,0.0,0,0.0,0.0,0,0.0,0.0,0,0.0,0.0,0.0,0,0.0,0,0.0,0.0,0,0,0,0.0,0,0,0,0,0.0,0.0,0.0,0,0,0.0,0.0,0.0,0,0.0,0,0.0,0,0,0.0,0.0,0.0,0.0,0,0,0,0.0,0,0,0.0,0,0,0,0.0,0.0,0.0,0,0,0.0,0,0,0,0,0.0,0.0,0.0,0,0,0,0.0,0.0,0,0,0.0,0,0,0.0,0.0,0,0.023,0,0.0,0.0,0,0.0,0.0,0.0,0,0,0,0,0.0,0.0,0,0,0.0,0,0.0,0,0.0,0,0,0.0,0.0,0.0,0,0.0,0,0.16,0,0,0,0,0.0
Arezzo,0,0,0,0,0.0,0,0.0,0,0.076,0.0,0,0.0,0.0,0.0,0,0,0,0.0,0,0.0,0,0.023,0.0,0,0.0,0,0.0,0,0,0,0,0.0,0.0,0,0,0,2.79,0.0,0,0.0,0.016,0.0,0.009,0.0,0,0,0.019,0.008,0,0,0,0.0,0.0,0,0.0,0.0,0,0.063,0.0,0,0,0,0,0,0.0,0,0,0,0.0,0.009,0.0,0,0.0,0,0.0,0,0.0,0,0.019,0,0.0,0,0,0,0.0,0.016,0.0,0,0,0.036,0.0,0.011,0,0.0,0.0,0.0,0,0.076,0.0,0.0,0.0,0.0,0.008,0.0,0,0.0,0,0,0.0,0.0,0.0,0.0,0,0,0.0,0,0,0,0.0,0,0,0,0,0.0,0.0,0,0.0,0.0,0,0.0,0.0,0.008,0.076,0,0.0,0,0,0.0,0.015,0,0.0,0,0,0.0,0,0,0,0,0,0,0.0,0.0,0.0,0.0,0.0,0.0,0,0,0,0,0,0.0,0.0,0.0,0,0,0.0,0,0,0.0,0,0,0,0.0,0,0.0,0,0,0,0,0,0.008,0,0,0,0.0,0,0.0,0,0,0.0,0,0.0,0.0,0,0.054,0.008,0.0,0.0,0,0,0.0,0.0,0,0,0,0,0,0,0,0.0,0,0,0,0.0,0,0,0.204,0,0,0,0.0,0,0.0,0.043,0,0,0.0,0,0.0,0,0.0,0.0,0.498,0,0.0,0.0,0,0,0,0.01,0.0,0.0,0,0,0.0,0.0,0,0,0.0,0.253,0.0,0.0069999999999999,0.022,0,0,0.0,0,0.0,0.0,0.0,0,0.006,0,0.0,0.013,0.0,0,0.0,0.0,0,0,0,0,0,0.0,0.0,0,0,0.0,0,0.0,0.005,0,0.0,0.0,0,0.0,0.031,0.0,0,0.0,0,0.008,0.0,0,0,0,0.0,0,0,0,0,0.0,0.0,0.0,0,0,0.0,0.0,0.0,0,0.0,0,0.0,0,0,0.031,0.006,0.0,0.0,0,0,0,0.0,0,0,0.0,0,0,0,0.0,0.0,0.745,0,0,0.054,0,0,0,0,0.006,0.0,0.0,0,0,0,0.036,0.0,0,0,0.0,0,0,0.0,0.0,0,0.0,0,0.024,0.0,0,0.0,0.0,0.0,0,0,0,0,0.0,0.0,0,0,0.0,0,0.0,0,0.0,0,0,0.242,0.0,0.0,0,0.0,0,0.0,0,0,0,0,0.0
Ascoli Piceno,0,0,0,0,0.0,0,0.0,0,0.0,0.0,0,0.0,0.0,0.0,0,0,0,0.0,0,0.0,0,0.0,0.0,0,0.0,0,0.0,0,0,0,0,0.0,0.0,0,0,0,0.0,0.0,0,0.0,0.0,0.0,0.0,0.0,0,0,0.0,0.0,0,0,0,0.0,0.0,0,0.0,0.0,0,0.0,0.0,0,0,0,0,0,0.0,0,0,0,0.0,0.0,0.0,0,0.0,0,0.0,0,0.0,0,0.0,0,0.0,0,0,0,0.0,0.0,0.0,0,0,0.0,0.0,0.0,0,0.0,0.0,0.0,0,0.0,0.0,0.0,0.0,0.0,0.0,0.0,0,0.0,0,0,0.0,0.0,0.0,0.0,0,0,0.0,0,0,0,0.0,0,0,0,0,0.0,0.0,0,0.0,0.0,0,0.0,0.0,0.13,0.0,0,0.0,0,0,0.0,0.03,0,0.0,0,0,0.0,0,0,0,0,0,0,0.0,0.0,0.0,0.0,0.0,0.0,0,0,0,0,0,0.0,0.0,0.0,0,0,0.0,0,0,0.0,0,0,0,0.0,0,0.0,0,0,0,0,0,0.0,0,0,0,0.0,0,0.0,0,0,0.0,0,0.0,0.0,0,0.0,0.0,0.0,0.0,0,0,0.0,0.0,0,0,0,0,0,0,0,0.0,0,0,0,0.0,0,0,0.0,0,0,0,0.0,0,0.0,0.0,0,0,0.0,0,0.0,0,0.0,0.0,0.0,0,0.0,0.0,0,0,0,0.0,0.0,0.0,0,0,0.0,0.0,0,0,0.0,0.0,0.0,0.0,0.0,0,0,0.0,0,0.0,0.0,0.0,0,0.0,0,0.0,0.0,0.0,0,0.0,0.0,0,0,0,0,0,0.0,0.0,0,0,0.0,0,0.0,0.0,0,0.0,0.0,0,0.0,0.0,0.0,0,0.0,0,0.0,0.0,0,0,0,0.0,0,0,0,0,0.0,0.0,0.0,0,0,0.0,0.0,0.0,0,0.0,0,0.0,0,0,0.0,0.0,0.0,0.0,0,0,0,0.0,0,0,0.0,0,0,0,0.0,0.0,0.0,0,0,0.0,0,0,0,0,0.0,0.0,0.0,0,0,0,0.0,0.0,0,0,0.0,0,0,0.0,0.0,0,0.023,0,0.0,0.0,0,0.0,0.0,0.0,0,0,0,0,0.0,0.0,0,0,0.0,0,0.0,0,0.0,0,0,0.0,0.0,0.0,0,0.0,0,0.16,0,0,0,0,0.0
Bari,0,0,0,0,0.0,0,0.0,0,0.0,0.0,0,0.0,0.0,0.0,0,0,0,0.0,0,0.0,0,0.0,0.0,0,0.0,0,0.0,0,0,0,0,0.0,0.0,0,0,0,0.75,0.0,0,0.0,0.0,0.0,0.0,0.0,0,0,0.06,0.0,0,0,0,0.0,0.0,0,0.0,0.0,0,0.0,0.0,0,0,0,0,0,0.0,0,0,0,0.0,0.0,0.0,0,0.0,0,0.0,0,0.0,0,0.0,0,0.0,0,0,0,0.0,0.0,0.0,0,0,0.0,0.0,0.0,0,0.0,0.0,0.0,0,0.0,0.0,0.0,0.0,0.0,0.0,0.0,0,0.0,0,0,0.0,0.0,0.0,0.0,0,0,0.0,0,0,0,0.0,0,0,0,0,0.0,0.0,0,0.0,0.0,0,0.0,0.0,0.0,0.0,0,0.0,0,0,0.0,0.0,0,0.0,0,0,0.0,0,0,0,0,0,0,0.0,0.0,0.0,0.0,0.0,0.0,0,0,0,0,0,0.0,0.0,0.0,0,0,0.0,0,0,0.0,0,0,0,0.0,0,0.0,0,0,0,0,0,0.0,0,0,0,0.0,0,0.0,0,0,0.0,0,0.0,0.0,0,0.0,0.0,0.0,0.0,0,0,0.0,0.0,0,0,0,0,0,0,0,0.0,0,0,0,0.0,0,0,0.09,0,0,0,0.0,0,0.0,0.0,0,0,0.0,0,0.0,0,0.0,0.0,0.0,0,0.0,0.0,0,0,0,0.0,0.0,0.0,0,0,0.0,0.0,0,0,0.0,0.0,0.0,0.0,0.0,0,0,0.0,0,0.0,0.0,0.0,0,0.0,0,0.0,0.0,0.0,0,0.0,0.0,0,0,0,0,0,0.0,0.0,0,0,0.0,0,0.0,0.0,0,0.0,0.0,0,0.0,0.0,0.0,0,0.0,0,0.0,0.0,0,0,0,0.0,0,0,0,0,0.0,0.0,0.0,0,0,0.0,0.0,0.0,0,0.0,0,0.0,0,0,0.0,0.0,0.0,0.0,0,0,0,0.0,0,0,0.0,0,0,0,0.0,0.0,0.0,0,0,0.0,0,0,0,0,0.0,0.0,0.0,0,0,0,0.04,0.0,0,0,0.0,0,0,0.0,0.0,0,0.0,0,0.08,0.0,0,0.0,0.0,0.0,0,0,0,0,0.0,0.0,0,0,0.0,0,0.0,0,0.0,0,0,0.0,0.0,0.0,0,0.0,0,0.0,0,0,0,0,0.0
Barletta-Andria-Trani,0,0,0,0,0.0,0,0.0,0,0.0,0.0,0,0.0,0.0,0.0,0,0,0,0.0,0,0.0,0,0.0,0.0,0,0.0,0,0.0,0,0,0,0,0.0,0.0,0,0,0,9.37,0.0,0,0.0,0.0,0.0,0.0,0.0,0,0,0.21,0.0,0,0,0,0.0,0.0,0,0.0,0.0,0,0.38,0.0,0,0,0,0,0,0.0,0,0,0,0.0,0.43,0.0,0,0.0,0,0.0,0,0.0,0,0.0,0,0.0,0,0,0,0.0,0.0,0.0,0,0,0.0,0.0,0.088,0,0.0,0.0,0.0,0,0.0,0.0139999999999999,0.0,0.0,0.0,0.0,0.0,0,0.0,0,0,0.0,0.0,0.0,0.0,0,0,0.0,0,0,0,0.0,0,0,0,0,0.0,0.0,0,0.0,0.0,0,0.0,0.0,0.1,0.27,0,0.0,0,0,0.0,0.0,0,0.039,0,0,0.0,0,0,0,0,0,0,0.0,0.0,0.0,0.0,0.0,0.0,0,0,0,0,0,0.0,0.03,0.0,0,0,0.0,0,0,0.0,0,0,0,0.0,0,0.0,0,0,0,0,0,0.0,0,0,0,0.0,0,0.0,0,0,0.0,0,0.0,0.0,0,0.0,0.0,0.0,0.0,0,0,0.0,0.0,0,0,0,0,0,0,0,0.0,0,0,0,0.0,0,0,1.04,0,0,0,0.0,0,0.0,0.036,0,0,0.0,0,0.0,0,0.0,0.0,0.0,0,0.0,0.0,0,0,0,0.0,0.0,0.0,0,0,0.0,0.0,0,0,0.15,0.0,0.0,0.0,0.0394,0,0,0.0,0,0.71,0.0,0.0,0,0.067,0,0.0,0.0,0.0,0,0.0,0.0,0,0,0,0,0,0.0,0.0,0,0,0.05,0,0.0,0.0,0,0.0,0.0,0,0.06,0.0,0.0,0,0.0,0,0.0,0.0,0,0,0,0.0,0,0,0,0,0.0,0.0,0.0,0,0,0.0,0.0,0.0,0,0.0,0,0.0,0,0,0.0,0.04,0.0,0.0,0,0,0,0.0,0,0,0.0,0,0,0,0.0,0.0,0.0,0,0,0.0,0,0,0,0,0.0,0.0,0.0,0,0,0,0.14,0.0,0,0,0.0,0,0,0.0,0.0,0,0.0,0,0.0,0.0,0,0.0,0.0,0.0,0,0,0,0,0.0,0.0,0,0,0.0,0,0.0,0,0.0,0,0,0.0,0.0,0.0,0,0.0,0,0.0,0,0,0,0,0.0
Belluno,0,0,0,0,0.0,0,0.0,0,0.0,0.0,0,0.0,0.0,0.0,0,0,0,0.0,0,0.0,0,0.0,0.0,0,0.0,0,0.0,0,0,0,0,0.0,0.0,0,0,0,0.0,0.0,0,0.0,0.0,0.0,0.0,0.0,0,0,0.0,0.0,0,0,0,0.0,0.0,0,0.0,0.0,0,0.0,0.0,0,0,0,0,0,0.0,0,0,0,0.0,0.0,0.0,0,0.0,0,0.0,0,0.0,0,0.0,0,0.0,0,0,0,0.0,0.0,0.0,0,0,0.0,0.0,0.0,0,0.0,0.0,0.0,0,0.0,0.0,0.0,0.0,0.0,0.0,0.0,0,0.0,0,0,0.0,0.0,0.0,0.0,0,0,0.0,0,0,0,0.0,0,0,0,0,0.0,0.0,0,0.0,0.0,0,0.0,0.0,0.0,0.0,0,0.0,0,0,0.0,0.0,0,0.0,0,0,0.0,0,0,0,0,0,0,0.0,0.0,0.0,0.0,0.0,0.0,0,0,0,0,0,0.0,0.0,0.0,0,0,0.0,0,0,0.0,0,0,0,0.0,0,0.0,0,0,0,0,0,0.0,0,0,0,0.0,0,0.0,0,0,0.0,0,0.0,0.0,0,0.0,0.0,0.0,0.0,0,0,0.0,0.0,0,0,0,0,0,0,0,0.0,0,0,0,0.0,0,0,0.0,0,0,0,0.0,0,0.0,0.0,0,0,0.0,0,0.0,0,0.0,0.0,0.0,0,0.0,0.0,0,0,0,0.0,0.0,0.0,0,0,0.0,0.0,0,0,0.0,0.0,0.0,0.0,0.0,0,0,0.0,0,0.0,0.0,0.0,0,0.0,0,0.0,0.0,0.0,0,0.0,0.0,0,0,0,0,0,0.0,0.0,0,0,0.0,0,0.0,0.0,0,0.0,0.0,0,0.0,0.0,0.0,0,0.0,0,0.0,0.0,0,0,0,0.0,0,0,0,0,0.0,0.0,0.0,0,0,0.0,0.0,0.0,0,0.0,0,0.0,0,0,0.0,0.0,0.0,0.0,0,0,0,0.0,0,0,0.0,0,0,0,0.0,0.0,0.0,0,0,0.0,0,0,0,0,0.0,0.0,0.0,0,0,0,0.0,0.0,0,0,0.0,0,0,0.0,0.0,0,0.0,0,0.0,0.0,0,0.0,0.0,0.0,0,0,0,0,0.0,0.0,0,0,0.0,0,0.0,0,0.0,0,0,0.0,0.0,0.0,0,0.0,0,0.0,0,0,0,0,0.0
Bergamo,0,0,0,0,0.0,0,0.0,0,0.066,0.0,0,0.0,0.0,0.0,0,0,0,0.0,0,0.0,0,0.0,0.0,0,0.0,0,0.0,0,0,0,0,0.0,0.0,0,0,0,8.51,0.0,0,0.0,0.0,0.0,0.0,0.0,0,0,0.057,0.0,0,0,0,0.0,0.0,0,0.0,0.0,0,0.0,0.0,0,0,0,0,0,0.0,0,0,0,0.0,0.0,0.0,0,0.0,0,0.05,0,0.0,0,0.0,0,0.0,0,0,0,0.0,0.0,0.0,0,0,0.039,0.0,0.0,0,0.0,0.0,0.0,0,0.0,0.0,0.0,0.0,0.0,0.0,0.0,0,0.0,0,0,0.0,0.0,0.0,0.0,0,0,0.0,0,0,0,0.0,0,0,0,0,0.0,0.0,0,0.0,0.0,0,0.0,0.0,0.0,0.045,0,0.0,0,0,0.0,0.0,0,0.0,0,0,0.0,0,0,0,0,0,0,0.0,0.0,0.0,0.0,0.0,0.0,0,0,0,0,0,0.0,0.0,0.0,0,0,0.0,0,0,0.0,0,0,0,0.0,0,0.0,0,0,0,0,0,0.0,0,0,0,0.0,0,0.0,0,0,0.0,0,0.0,0.0,0,0.0,0.0,0.0,0.0,0,0,0.0,0.0,0,0,0,0,0,0,0,0.0,0,0,0,0.0,0,0,0.23,0,0,0,0.0,0,0.0,0.044,0,0,0.0,0,0.0,0,0.0,0.0,0.0,0,0.0,0.0,0,0,0,0.0,0.0,0.48,0,0,0.0,0.0,0,0,0.0,0.0,0.0,0.0,0.0,0,0,0.0,0,1.61,0.0,0.0,0,0.0,0,0.0,0.0409999999999999,0.0,0,0.0,0.0,0,0,0,0,0,0.0,0.051,0,0,0.0,0,0.0,0.0,0,0.0,0.0,0,0.0,0.09,0.0,0,0.0,0,0.0,0.0,0,0,0,0.0,0,0,0,0,0.0559999999999999,0.0,0.0,0,0,0.0,0.0,0.0,0,0.0,0,0.0,0,0,0.0,0.0,0.0,0.0,0,0,0,0.0,0,0,0.0,0,0,0,0.0,0.0,0.0,0,0,0.02,0,0,0,0,0.0,0.0,0.0,0,0,0,0.0,0.0,0,0,0.0,0,0,0.0,0.0,0,0.0,0,0.0,0.0,0,0.0,0.12,0.24,0,0,0,0,0.0,0.0,0,0,0.0,0,0.0,0,0.0,0,0,0.0,0.0,0.0,0,0.0,0,0.0,0,0,0,0,0.0
Brescia,0,0,0,0,0.0,0,0.0,0,0.0,0.0,0,0.083,0.0,0.0,0,0,0,0.0,0,0.0,0,0.0,0.0,0,0.0,0,0.0,0,0,0,0,0.0,0.0,0,0,0,0.3,0.0,0,0.0,0.0,0.0,0.0,0.0,0,0,0.0,0.0,0,0,0,0.0,0.0,0,0.0,0.0,0,0.0,0.0,0,0,0,0,0,0.0,0,0,0,0.0,0.0,0.0,0,0.0,0,0.0,0,0.0,0,0.0,0,0.0,0,0,0,0.0,0.0,0.0,0,0,0.0,0.0,0.0,0,0.0,0.0,0.0,0,0.0,0.0,0.0,0.0,0.0,0.0,0.0,0,0.0,0,0,0.0,0.0,0.0,0.0,0,0,0.0,0,0,0,0.07,0,0,0,0,0.0,0.0,0,0.0,0.0,0,0.0,0.0,0.0,0.0,0,0.0,0,0,0.0,0.0,0,0.0,0,0,0.0,0,0,0,0,0,0,0.0,0.0,0.0,0.0,0.0,0.0,0,0,0,0,0,0.0,0.0,0.0,0,0,0.0,0,0,0.0,0,0,0,0.0,0,0.0,0,0,0,0,0,0.0,0,0,0,0.0,0,0.0,0,0,0.0,0,0.0,0.0,0,0.0,0.0,0.0,0.0,0,0,0.0,0.0,0,0,0,0,0,0,0,0.0,0,0,0,0.0,0,0,0.06,0,0,0,0.0,0,0.0,0.0,0,0,0.0,0,0.0,0,0.0,0.0,0.0,0,0.0,0.0,0,0,0,0.0,0.0,0.0,0,0,0.0,0.0,0,0,0.0,0.0,0.0,0.0,0.0,0,0,0.0,0,0.0,0.0,0.0,0,0.0,0,0.0,0.0,0.0,0,0.0,0.0,0,0,0,0,0,0.0,0.15,0,0,0.0,0,0.0,0.0,0,0.0,0.0,0,0.0,0.0,0.0,0,0.0,0,0.0,0.0,0,0,0,0.0,0,0,0,0,0.0,0.0,0.0,0,0,0.0,0.0,0.0,0,0.0,0,0.0,0,0,0.0,0.0,0.0,0.0,0,0,0,0.0,0,0,0.0,0,0,0,0.0,0.0,0.0,0,0,0.0,0,0,0,0,0.0,0.0,0.0,0,0,0,0.0,0.0,0,0,0.0,0,0,0.0,0.0,0,0.0,0,0.0,0.0,0,0.0,0.0,0.0,0,0,0,0,0.0,0.0,0,0,0.0,0,0.0,0,0.0,0,0,0.0,0.0,0.0,0,0.0,0,0.0,0,0,0,0,0.0
Brindisi,0,0,0,0,0.0,0,0.0,0,0.0,0.0,0,0.0,0.0,0.0,0,0,0,0.0,0,0.0,0,0.0,0.0,0,0.0,0,0.0,0,0,0,0,0.0,0.0,0,0,0,6.44,0.0,0,0.0,0.0,0.0,0.0,0.0,0,0,0.0,0.0,0,0,0,0.0,0.035,0,0.0,0.0,0,0.0,0.0,0,0,0,0,0,0.0,0,0,0,0.0,0.6,0.0,0,0.0,0,0.0,0,0.0,0,0.0,0,0.0,0,0,0,0.15,0.0,0.0,0,0,0.0,0.0,0.0,0,0.0,0.0,0.1518,0,0.03,0.0069999999999999,0.0,0.0,0.0,0.0,0.0,0,0.0,0,0,0.0,0.0,0.0,0.0,0,0,0.0,0,0,0,0.0,0,0,0,0,0.0,0.0,0,0.0,0.0,0,0.0,0.0,0.04,0.0,0,0.0,0,0,0.0,0.59,0,0.031,0,0,0.0029,0,0,0,0,0,0,0.0008,0.0,0.0,0.0,0.0,0.0008,0,0,0,0,0,0.0,0.0,0.0,0,0,0.0,0,0,0.0,0,0,0,0.0,0,0.0,0,0,0,0,0,0.0,0,0,0,0.0,0,0.0,0,0,0.0,0,0.0,0.0,0,0.0,0.0,0.0,0.0,0,0,0.0,0.0,0,0,0,0,0,0,0,0.0,0,0,0,0.0,0,0,1.31,0,0,0,0.0,0,0.0,0.11,0,0,0.0,0,0.0,0,0.0,0.0,0.0,0,0.0,0.42,0,0,0,0.0,0.0,0.0,0,0,0.0,0.0,0,0,0.05,0.0,0.0,0.0,0.0,0,0,0.0,0,0.0,0.0,0.0,0,0.0,0,0.0,0.06,0.0,0,0.0,0.0,0,0,0,0,0,0.0,0.0,0,0,0.0,0,0.0,0.0,0,0.003,0.0,0,0.0,0.0,0.0,0,0.0,0,0.0,0.0,0,0,0,0.0,0,0,0,0,0.0,0.0,0.0,0,0,0.0,0.0,0.0,0,0.0,0,0.0,0,0,0.0,0.0,0.0,0.0,0,0,0,0.0,0,0,0.0,0,0,0,0.0,0.0,0.0,0,0,0.0,0,0,0,0,0.0,0.0,0.0,0,0,0,0.04,0.0,0,0,0.0,0,0,0.0,0.0,0,0.025,0,0.03,0.0,0,0.0,0.0332,0.0,0,0,0,0,0.0,0.0,0,0,0.0,0,0.0,0,0.0,0,0,0.0,0.0,0.0,0,0.0,0,0.0,0,0,0,0,0.0
Caltanissetta,0,0,0,0,0.0,0,0.0,0,0.05,0.0,0,0.0,0.0,0.0,0,0,0,0.0,0,0.0,0,0.004,0.0,0,0.0,0,0.0,0,0,0,0,0.0,0.0,0,0,0,0.06,0.0,0,0.0,0.0,0.0,0.0,0.0,0,0,0.0,0.0,0,0,0,0.0,0.0,0,0.0,0.0,0,0.008,0.0,0,0,0,0,0,0.0,0,0,0,0.0,0.004,0.0,0,0.0,0,0.0,0,0.0,0,0.0,0,0.0,0,0,0,0.0,0.0,0.0,0,0,0.0,0.0,0.0,0,0.0,0.0,0.0,0,0.004,0.0,0.0,0.0,0.0,0.0,0.0,0,0.0,0,0,0.0,0.001,0.0,0.0,0,0,0.0,0,0,0,0.0,0,0,0,0,0.00018,0.0,0,0.0,0.0,0,0.0,0.0,0.0,0.0,0,0.0,0,0,0.0,0.004,0,0.0,0,0,0.0,0,0,0,0,0,0,0.0,0.0,0.0,0.0,0.0,0.0,0,0,0,0,0,0.0,0.0,0.0,0,0,0.0,0,0,0.0,0,0,0,0.0,0,0.0,0,0,0,0,0,0.0,0,0,0,0.0,0,0.0,0,0,0.005,0,0.0,0.0,0,0.0,0.0,0.0,0.0,0,0,0.0,0.0,0,0,0,0,0,0,0,0.0,0,0,0,0.0,0,0,0.15,0,0,0,0.0,0,0.0,0.002,0,0,0.0,0,0.0,0,0.0,0.0,0.0,0,0.0,0.0,0,0,0,0.0,0.01,0.0,0,0,0.0,0.0,0,0,0.005,0.0,0.008,0.0,0.005,0,0,0.005,0,0.005,0.0,0.0,0,0.005,0,0.0,0.0,0.005,0,0.017,0.0,0,0,0,0,0,0.0,0.0,0,0,0.0,0,0.0,0.0,0,0.0,0.0,0,0.008,0.0,0.0,0,0.0,0,0.0,0.0,0,0,0,0.0,0,0,0,0,0.0,0.0,0.0,0,0,0.0,0.0,0.0,0,0.0,0,0.0,0,0,0.0,0.008,0.0,0.0,0,0,0,0.0,0,0,0.0,0,0,0,0.0,0.01,0.0,0,0,0.0,0,0,0,0,0.0,0.008,0.0,0,0,0,0.01,0.0,0,0,0.0,0,0,0.0,0.0,0,0.0,0,0.01,0.0,0,0.002,0.005,0.0,0,0,0,0,0.0,0.0,0,0,0.0,0,0.0,0,0.0,0,0,0.0,0.0,0.0,0,0.0,0,0.0,0,0,0,0,0.0
Campobasso,0,0,0,0,0.0,0,0.0,0,0.0,0.0,0,0.0,0.0,0.0,0,0,0,0.0,0,0.0,0,0.0,0.0,0,0.0,0,0.0,0,0,0,0,0.0,0.0,0,0,0,0.0,0.0,0,0.0,0.0,0.0,0.0,0.0,0,0,0.0,0.0,0,0,0,0.0,0.0,0,0.0,0.0,0,0.0,0.0,0,0,0,0,0,0.0,0,0,0,0.0,0.0,0.0,0,0.0,0,0.0,0,0.0,0,0.0,0,0.0,0,0,0,0.0,0.0,0.0,0,0,0.0,0.0,0.0,0,0.0,0.0,0.0,0,0.0,0.0,0.0,0.0,0.0,0.0,0.0,0,0.0,0,0,0.0,0.0,0.0,0.0,0,0,0.0,0,0,0,0.0,0,0,0,0,0.0,0.0,0,0.0,0.0,0,0.0,0.0,0.0,0.0,0,0.0,0,0,0.0,0.0,0,0.0,0,0,0.0,0,0,0,0,0,0,0.0,0.0,0.0,0.0,0.0,0.0,0,0,0,0,0,0.0,0.0,0.0,0,0,0.0,0,0,0.0,0,0,0,0.0,0,0.0,0,0,0,0,0,0.0,0,0,0,0.0,0,0.0,0,0,0.0,0,0.0,0.0,0,0.0,0.0,0.0,0.0,0,0,0.0,0.0,0,0,0,0,0,0,0,0.0,0,0,0,0.0,0,0,0.0,0,0,0,0.0,0,0.0,0.0,0,0,0.0,0,0.0,0,0.0,0.0,0.0,0,0.0,0.0,0,0,0,0.0,0.0,0.0,0,0,0.0,0.0,0,0,0.0,0.0,0.0,0.0,0.0,0,0,0.0,0,0.0,0.0,0.0,0,0.0,0,0.0,0.0,0.0,0,0.0,0.0,0,0,0,0,0,0.0,0.0,0,0,0.0,0,0.0,0.0,0,0.0,0.0,0,0.0,0.0,0.0,0,0.0,0,0.0,0.0,0,0,0,0.0,0,0,0,0,0.0,0.0,0.0,0,0,0.0,0.0,0.0,0,0.0,0,0.0,0,0,0.0,0.0,0.0,0.0,0,0,0,0.0,0,0,0.0,0,0,0,0.0,0.0,0.0,0,0,0.0,0,0,0,0,0.0,0.0,0.0,0,0,0,0.0,0.0,0,0,0.0,0,0,0.0,0.0,0,0.0,0,0.0,0.0,0,0.0,0.0,0.0,0,0,0,0,0.0,0.0,0,0,0.0,0,0.0,0,0.0,0,0,0.0,0.0,0.0,0,0.0,0,0.0,0,0,0,0,0.0
Catania,0,0,0,0,0.0,0,0.0,0,0.03,0.0,0,0.0,0.0,0.0,0,0,0,0.0,0,0.0,0,0.0,0.0,0,0.0,0,0.0,0,0,0,0,0.0,0.0,0,0,0,0.09,0.0,0,0.0,0.0,0.0,0.0,0.0,0,0,0.0,0.0,0,0,0,0.0,0.0,0,0.0,0.0,0,0.0,0.0,0,0,0,0,0,0.0,0,0,0,0.0,0.0,0.0,0,0.0,0,0.0,0,0.0,0,0.0,0,0.0,0,0,0,0.0,0.0,0.0,0,0,0.0,0.0,0.0,0,0.0,0.0,0.0,0,0.0,0.0,0.0,0.0,0.0,0.0,0.0,0,0.0,0,0,0.0,0.0,0.0,0.0,0,0,0.0,0,0,0,0.0,0,0,0,0,0.00018,0.0,0,0.0,0.0,0,0.0,0.0,0.0,0.0,0,0.0,0,0,0.0,0.004,0,0.0,0,0,0.0,0,0,0,0,0,0,0.0,0.0,0.0,0.0,0.0,0.0,0,0,0,0,0,0.0,0.0,0.0,0,0,0.0,0,0,0.0,0,0,0,0.0,0,0.0,0,0,0,0,0,0.0,0,0,0,0.0,0,0.0,0,0,0.0,0,0.0,0.0,0,0.0,0.0,0.0,0.0,0,0,0.0,0.0,0,0,0,0,0,0,0,0.0,0,0,0,0.0,0,0,0.32,0,0,0,0.0,0,0.0,0.002,0,0,0.0,0,0.0,0,0.0,0.0,0.0,0,0.0,0.0,0,0,0,0.0,0.01,0.0,0,0,0.0,0.0,0,0,0.0,0.0,0.0,0.0,0.0,0,0,0.0,0,0.0,0.0,0.0,0,0.0,0,0.0,0.0,0.0,0,0.0,0.0,0,0,0,0,0,0.0,0.0,0,0,0.0,0,0.0,0.0,0,0.0,0.0,0,0.0,0.0,0.0,0,0.0,0,0.0,0.0,0,0,0,0.0,0,0,0,0,0.0,0.0,0.0,0,0,0.0,0.0,0.0,0,0.0,0,0.0,0,0,0.0,0.006,0.0,0.0,0,0,0,0.0,0,0,0.0,0,0,0,0.0,0.0,0.0,0,0,0.0,0,0,0,0,0.0,0.0,0.0,0,0,0,0.0,0.0,0,0,0.0,0,0,0.0,0.0,0,0.0,0,0.0,0.0,0,0.0,0.0,0.0,0,0,0,0,0.0,0.0,0,0,0.0,0,0.0,0,0.0,0,0,0.0,0.0,0.0,0,0.0,0,0.0,0,0,0,0,0.0
Chieti,0,0,0,0,0.0,0,0.0,0,0.0,0.0,0,0.0,0.0,0.0,0,0,0,0.0,0,0.0,0,0.0,0.0,0,0.0,0,0.0,0,0,0,0,0.0,0.0,0,0,0,0.0,0.0,0,0.0,0.0,0.0,0.0,0.0,0,0,0.0,0.0,0,0,0,0.0,0.0,0,0.0,0.0,0,0.0,0.0,0,0,0,0,0,0.0,0,0,0,0.0,0.0,0.0,0,0.0,0,0.0,0,0.0,0,0.0,0,0.0,0,0,0,0.0,0.0,0.0,0,0,0.0,0.0,0.0,0,0.0,0.0,0.0,0,0.0,0.0,0.0,0.0,0.0,0.0,0.0,0,0.0,0,0,0.0,0.0,0.0,0.0,0,0,0.0,0,0,0,0.0,0,0,0,0,0.0,0.0,0,0.0,0.0,0,0.0,0.0,0.0,0.0,0,0.0,0,0,0.0,0.0,0,0.0,0,0,0.0,0,0,0,0,0,0,0.0,0.0,0.0,0.0,0.0,0.0,0,0,0,0,0,0.0,0.0,0.0,0,0,0.0,0,0,0.0,0,0,0,0.0,0,0.0,0,0,0,0,0,0.0,0,0,0,0.0,0,0.0,0,0,0.0,0,0.0,0.0,0,0.0,0.0,0.0,0.0,0,0,0.0,0.0,0,0,0,0,0,0,0,0.0,0,0,0,0.0,0,0,0.0,0,0,0,0.0,0,0.0,0.021,0,0,0.0,0,0.0,0,0.0,0.0,0.0,0,0.0,0.0,0,0,0,0.0,0.0,0.0,0,0,0.0,0.0,0,0,0.0,0.0,0.0,0.0,0.0,0,0,0.0,0,0.0,0.0,0.0,0,0.0,0,0.0,0.0,0.0,0,0.0,0.0,0,0,0,0,0,0.0,0.0,0,0,0.0,0,0.0,0.0,0,0.0,0.0,0,0.0,0.0,0.0,0,0.0,0,0.0,0.0,0,0,0,0.0,0,0,0,0,0.0,0.0,0.0,0,0,0.0,0.0,0.0,0,0.0,0,0.0,0,0,0.0,0.0,0.0,0.0,0,0,0,0.0,0,0,0.0,0,0,0,0.0,0.0,0.0,0,0,0.0,0,0,0,0,0.0,0.0,0.0,0,0,0,0.0,0.0,0,0,0.0,0,0,0.0,0.0,0,0.0,0,0.0,0.0,0,0.0,0.0,0.0,0,0,0,0,0.0,0.0,0,0,0.0,0,0.0,0,0.0,0,0,0.0,0.0,0.0,0,0.0,0,0.0,0,0,0,0,0.0
Como,0,0,0,0,0.0,0,0.0,0,0.09,0.0,0,0.0,0.0,0.0,0,0,0,0.0,0,0.0,0,0.0,0.0,0,0.0,0,0.0,0,0,0,0,0.0,0.0,0,0,0,2.88,0.0,0,0.019,0.0,0.0,0.0,0.0,0,0,0.0,0.0,0,0,0,0.0,0.06,0,0.0,0.0,0,0.0,0.0,0,0,0,0,0,0.0,0,0,0,0.0,0.0,0.0,0,0.0,0,0.0,0,0.0,0,0.0,0,0.0,0,0,0,0.0,0.0,0.0,0,0,0.0,0.0,0.0,0,0.0,0.0,0.0,0,0.0,0.0,0.0,0.0,0.0,0.0,0.0,0,0.0,0,0,0.0,0.0,0.0,0.0,0,0,0.0,0,0,0,0.0,0,0,0,0,0.0,0.0,0,0.0,0.0,0,0.0,0.0,0.0,0.0,0,0.0,0,0,0.0,0.03,0,0.0,0,0,0.0,0,0,0,0,0,0,0.0,0.0,0.0,0.0,0.0,0.0,0,0,0,0,0,0.0,0.0,0.0,0,0,0.0,0,0,0.0,0,0,0,0.0,0,0.0,0,0,0,0,0,0.0,0,0,0,0.0,0,0.0,0,0,0.0,0,0.0,0.0,0,0.0,0.0,0.0,0.0,0,0,0.0,0.0,0,0,0,0,0,0,0,0.0,0,0,0,0.0,0,0,0.7,0,0,0,0.0,0,0.0,0.08,0,0,0.0,0,0.0,0,0.0,0.0,0.0,0,0.0,0.0,0,0,0,0.0,0.09,0.31,0,0,0.0,0.0,0,0,0.102,0.0,0.0,0.0,0.0,0,0,0.0,0,0.013,0.0,0.0,0,0.0,0,0.0,0.0,0.0,0,0.0,0.0,0,0,0,0,0,0.0,0.0,0,0,0.0,0,0.0,0.0,0,0.0,0.0,0,0.0,0.0,0.0,0,0.0,0,0.0,0.0,0,0,0,0.0,0,0,0,0,0.0,0.0,0.0,0,0,0.0,0.0,0.0,0,0.0,0,0.0,0,0,0.0,0.0,0.0,0.0,0,0,0,0.0,0,0,0.0,0,0,0,0.0,0.0,0.0,0,0,0.047,0,0,0,0,0.0,0.0,0.0,0,0,0,0.0,0.0,0,0,0.0,0,0,0.0,0.131,0,0.063,0,0.0,0.0,0,0.0,0.0,0.0,0,0,0,0,0.0,0.0,0,0,0.0,0,0.0,0,0.0,0,0,0.0,0.0,0.0,0,0.0,0,0.0,0,0,0,0,0.0
Cremona,0,0,0,0,0.0,0,0.0,0,0.181,0.0,0,0.0,0.0,0.0,0,0,0,0.0,0,0.0,0,0.0,0.0,0,0.0,0,0.0,0,0,0,0,0.0,0.1889999999999999,0,0,0,1.42,0.0,0,0.09,0.0,0.0,0.0,0.0,0,0,0.091,0.0,0,0,0,0.0,0.067,0,0.0,0.0,0,0.0,0.0,0,0,0,0,0,0.0,0,0,0,0.0,0.0,0.0,0,0.0,0,0.0,0,0.0,0,0.0,0,0.0,0,0,0,0.0,0.0,0.0,0,0,0.0,0.0,0.0,0,0.0,0.0,0.0,0,0.0,0.0,0.0,0.0,0.0,0.0,0.0,0,0.0,0,0,0.0,0.0,0.0,0.0,0,0,0.0,0,0,0,0.0,0,0,0,0,0.0,0.0,0,0.0,0.0,0,0.0,0.0,0.0,0.0,0,0.0,0,0,0.0,0.0,0,0.0,0,0,0.0,0,0,0,0,0,0,0.0,0.0,0.0,0.0,0.0,0.0,0,0,0,0,0,0.0,0.0,0.0,0,0,0.0,0,0,0.0,0,0,0,0.0,0,0.0,0,0,0,0,0,0.0,0,0,0,0.0,0,0.0,0,0,0.0,0,0.0,0.02,0,0.0,0.0,0.0,0.034,0,0,0.0,0.0,0,0,0,0,0,0,0,0.0,0,0,0,0.0,0,0,0.85,0,0,0,0.0,0,0.0,0.0,0,0,0.0,0,0.0,0,0.0,0.0,0.0,0,0.0,0.0,0,0,0,0.0,0.0,0.0,0,0,0.0,0.3,0,0,0.0,0.0,0.0,0.0,0.0,0,0,0.0,0,0.51,0.0,0.0,0,0.0,0,0.0,0.049,0.0,0,0.0,0.0,0,0,0,0,0,0.0,0.14,0,0,0.49,0,0.0,0.0,0,0.0,0.0,0,0.0,0.33,0.0,0,0.0,0,0.0,0.0,0,0,0,0.0,0,0,0,0,0.0,0.0,0.0,0,0,0.0,0.0,0.0,0,0.01,0,0.0,0,0,0.0,0.0,0.0,0.0,0,0,0,0.0,0,0,0.0,0,0,0,0.0,0.0,0.0,0,0,0.0,0,0,0,0,0.0,0.0,0.14,0,0,0,0.0,0.0,0,0,0.0,0,0,0.0,0.0,0,0.0,0,0.0,0.0,0,0.0,0.0,0.046,0,0,0,0,0.0,0.0,0,0,0.0,0,0.0,0,0.0,0,0,0.0,0.0,0.0,0,0.0,0,0.0,0,0,0,0,0.0
Enna,0,0,0,0,0.0,0,0.0,0,0.06,0.0,0,0.0,0.0,0.0,0,0,0,0.0,0,0.0,0,0.004,0.0,0,0.0,0,0.0,0,0,0,0,0.0,0.0,0,0,0,0.03,0.0,0,0.0,0.0,0.0,0.0,0.0,0,0,0.0,0.0,0,0,0,0.0,0.008,0,0.0,0.0,0,0.0,0.0,0,0,0,0,0,0.0,0,0,0,0.0,0.0,0.0,0,0.0,0,0.0,0,0.0,0,0.0,0,0.0,0,0,0,0.0,0.0,0.0,0,0,0.0,0.0,0.0,0,0.001,0.0,0.0,0,0.0,0.0,0.0,0.0,0.0,0.0,0.0,0,0.0,0,0,0.0,0.0006,0.0,0.0,0,0,0.0,0,0,0,0.0,0,0,0,0,0.00018,0.0,0,0.0,0.0,0,0.0,0.0,0.0,0.0,0,0.0,0,0,0.0,0.0,0,0.0,0,0,0.0,0,0,0,0,0,0,0.0,0.0,0.0,0.0,0.0,0.0,0,0,0,0,0,0.0,0.0,0.0,0,0,0.0,0,0,0.0,0,0,0,0.0,0,0.0,0,0,0,0,0,0.0,0,0,0,0.0,0,0.0,0,0,0.0,0,0.0,0.0,0,0.0,0.0,0.0,0.0,0,0,0.0,0.0,0,0,0,0,0,0,0,0.0,0,0,0,0.0,0,0,0.0,0,0,0,0.0,0,0.0,0.0,0,0,0.0,0,0.0,0,0.021,0.0,0.0,0,0.0,0.0,0,0,0,0.0,0.024,0.0,0,0,0.0,0.0,0,0,0.0,0.0,0.0,0.0,0.0,0,0,0.0,0,0.0,0.0,0.0,0,0.0,0,0.0,0.0,0.0,0,0.0,0.0,0,0,0,0,0,0.0,0.0,0,0,0.0,0,0.0,0.0,0,0.0,0.0,0,0.008,0.0,0.0,0,0.0,0,0.0,0.0,0,0,0,0.0,0,0,0,0,0.0,0.0,0.0,0,0,0.0,0.0,0.0,0,0.0,0,0.0,0,0,0.0,0.0,0.0,0.0,0,0,0,0.0,0,0,0.0,0,0,0,0.0,0.0,0.0,0,0,0.0,0,0,0,0,0.0,0.0,0.0,0,0,0,0.005,0.0,0,0,0.0,0,0,0.0,0.0,0,0.0,0,0.0,0.0,0,0.0,0.0,0.0,0,0,0,0,0.0,0.0,0,0,0.0,0,0.0,0,0.0,0,0,0.0,0.0,0.0,0,0.0,0,0.0,0,0,0,0,0.0
Fermo,0,0,0,0,0.0,0,0.0,0,0.0,0.0,0,0.0,0.0,0.0,0,0,0,0.0,0,0.0,0,0.0,0.0,0,0.046,0,0.0,0,0,0,0,0.0,0.0,0,0,0,0.0,0.0,0,0.0,0.0,0.0,0.0,0.0,0,0,0.0,0.0,0,0,0,0.0,0.0,0,0.0,0.0,0,0.0,0.0,0,0,0,0,0,0.0,0,0,0,0.0,0.0,0.0,0,0.0,0,0.0,0,0.0,0,0.0,0,0.0,0,0,0,0.0,0.0,0.0,0,0,0.0,0.0,0.0,0,0.0,0.0,0.0,0,0.0,0.0,0.0,0.0,0.0,0.0,0.0,0,0.0,0,0,0.0,0.0,0.0,0.0,0,0,0.0,0,0,0,0.0,0,0,0,0,0.0,0.0,0,0.0,0.0,0,0.0,0.0,0.0,0.0,0,0.0,0,0,0.0,0.03,0,0.0,0,0,0.0,0,0,0,0,0,0,0.0,0.0,0.0,0.0,0.0,0.0,0,0,0,0,0,0.0,0.0,0.0,0,0,0.0,0,0,0.0,0,0,0,0.0,0,0.0,0,0,0,0,0,0.0,0,0,0,0.0,0,0.0,0,0,0.0,0,0.0,0.0,0,0.0,0.0,0.0,0.0,0,0,0.0,0.0,0,0,0,0,0,0,0,0.0,0,0,0,0.0,0,0,0.0,0,0,0,0.0,0,0.0,0.0,0,0,0.0,0,0.0,0,0.0,0.0,0.0,0,0.0,0.0,0,0,0,0.0,0.0,0.0,0,0,0.0,0.0,0,0,0.0,0.0,0.0,0.0,0.0,0,0,0.0,0,0.0,0.0,0.0,0,0.0,0,0.0,0.0,0.0,0,0.0,0.0,0,0,0,0,0,0.0,0.0,0,0,0.0,0,0.0,0.0,0,0.0,0.0,0,0.0,0.0,0.0,0,0.0,0,0.0,0.0,0,0,0,0.0,0,0,0,0,0.0,0.0,0.0,0,0,0.0,0.0,0.0,0,0.0,0,0.0,0,0,0.0,0.0,0.0,0.0,0,0,0,0.0,0,0,0.0,0,0,0,0.0,0.0,0.0,0,0,0.0,0,0,0,0,0.0,0.0,0.0,0,0,0,0.0,0.0,0,0,0.0,0,0,0.0,0.0,0,0.0,0,0.0,0.0,0,0.0,0.0,0.0,0,0,0,0,0.0,0.0,0,0,0.0,0,0.0,0,0.0,0,0,0.0,0.0,0.0,0,0.0,0,0.0,0,0,0,0,0.0
Firenze,0,0,0,0,0.0,0,0.0,0,0.123,0.0,0,0.0,0.0,0.0,0,0,0,0.0,0,0.0,0,0.08,0.0,0,0.0,0,0.0,0,0,0,0,0.0069999999999999,0.0,0,0,0,0.66,0.0,0,0.0,0.063,0.0,0.06,0.0,0,0,0.008,0.008,0,0,0,0.0,0.0,0,0.0,0.0,0,0.0819999999999999,0.0,0,0,0,0,0,0.0,0,0,0,0.0,0.146,0.0,0,0.0,0,0.0,0,0.0,0,0.0,0,0.0,0,0,0,0.0,0.006,0.0,0,0,0.0,0.0,0.0069999999999999,0,0.0,0.0,0.0,0,0.03,0.0,0.0,0.0,0.0,0.03,0.0,0,0.0,0,0,0.0,0.0,0.0,0.0,0,0,0.0,0,0,0,0.0,0,0,0,0,0.0,0.0,0,0.0,0.0,0,0.0,0.0,0.018,0.042,0,0.0,0,0,0.0,0.046,0,0.0,0,0,0.0,0,0,0,0,0,0,0.0,0.0,0.0,0.0,0.0,0.0,0,0,0,0,0,0.0,0.0,0.0,0,0,0.0,0,0,0.0,0,0,0,0.006,0,0.0,0,0,0,0,0,0.0139999999999999,0,0,0,0.0,0,0.0,0,0,0.0,0,0.0,0.0,0,0.067,0.01,0.0,0.0,0,0,0.0,0.0,0,0,0,0,0,0,0,0.0,0,0,0,0.0,0,0,0.033,0,0,0,0.0,0,0.0,0.355,0,0,0.0,0,0.023,0,0.0,0.0069999999999999,0.009,0,0.0,0.0,0,0,0,0.0,0.017,0.0,0,0,0.0,0.0,0,0,0.0,0.063,0.0,0.0,0.0,0,0,0.0,0,0.0,0.0,0.0,0,0.015,0,0.0,0.0,0.0,0,0.0,0.0,0,0,0,0,0,0.0,0.0,0,0,0.008,0,0.0,0.0,0,0.0,0.0,0,0.0,0.008,0.0,0,0.0,0,0.0,0.0,0,0,0,0.0,0,0,0,0,0.0,0.0,0.0,0,0,0.0,0.0,0.0,0,0.0,0,0.0,0,0,0.017,0.009,0.0,0.0,0,0,0,0.0,0,0,0.0,0,0,0,0.0,0.0,0.105,0,0,0.0,0,0,0,0,0.008,0.0,0.0,0,0,0,0.018,0.0,0,0,0.0,0,0,0.0,0.0,0,0.0,0,0.009,0.0,0,0.0,0.0,0.0,0,0,0,0,0.0,0.0,0,0,0.0,0,0.0,0,0.0,0,0,0.0,0.0,0.0,0,0.0,0,0.0,0,0,0,0,0.0
Foggia,0,0,0,0,0.0,0,0.0,0,0.0,0.0,0,0.0,0.0,0.0,0,0,0,0.0,0,0.0,0,0.0,0.0,0,0.0,0,0.0,0,0,0,0,0.0,0.0,0,0,0,104.64,0.0,0,0.0,0.0,0.0,0.0,0.0,0,0,0.24,0.0,0,0,0,0.0,0.037,0,0.0,0.0,0,0.29,0.0,0,0,0,0,0,0.0,0,0,0,0.0,0.18,0.0,0,0.0,0,0.0,0,0.0,0,0.081,0,0.0,0,0,0,0.05,0.0,0.0,0,0,0.0,0.0,0.3,0,0.0,0.0,0.0,0,0.22,0.049,0.0,0.0,0.0,0.0,0.0,0,0.0,0,0,0.0,0.0,0.0,0.0,0,0,0.0,0,0,0,0.0,0,0,0,0,0.0,0.0,0,0.0,0.0,0,0.0,0.0,0.07,0.12,0,0.0,0,0,0.0,0.0,0,0.0409999999999999,0,0,0.0,0,0,0,0,0,0,0.0,0.0,0.0665,0.0184,0.0034,0.0065,0,0,0,0,0,0.0,0.0,0.0,0,0,0.0,0,0,0.0,0,0,0,0.0,0,0.0,0,0,0,0,0,0.0,0,0,0,0.0,0,0.0,0,0,0.0,0,0.0,0.0,0,0.0,0.0,0.0,0.0,0,0,0.0,0.0,0,0,0,0,0,0,0,0.0,0,0,0,0.0,0,0,17.85,0,0,0,0.0,0,0.0,0.093,0,0,0.0,0,0.0,0,0.0,0.0,0.0,0,0.066,0.08,0,0,0,0.0,0.04,0.0,0,0,0.0,0.0,0,0,0.14,0.0,0.0,0.0,0.0,0,0,0.34,0,0.07,0.0,0.04,0,0.085,0,0.0,0.13,0.0,0,0.0,0.0,0,0,0,0,0,0.0,0.0,0,0,0.026,0,0.0,0.03,0,0.0,0.0,0,0.0,0.0,0.0,0,0.0,0,0.0,0.0,0,0,0,0.0,0,0,0,0,0.0,0.0,0.0,0,0,0.0,0.0,0.0,0,0.0,0,1.48,0,0,0.0,0.0,0.0,0.0,0,0,0,0.0,0,0,0.0,0,0,0,0.0,0.0,0.0,0,0,0.0,0,0,0,0,0.0,0.0,0.0,0,0,0,0.45,0.0,0,0,0.0,0,0,0.0,0.0,0,0.0185,0,0.0316,0.0,0,0.0,0.0,0.0101,0,0,0,0,0.01,0.0,0,0,0.0,0,0.0,0,0.0,0,0,0.0,0.0,0.0,0,0.0,0,0.0,0,0,0,0,0.0
Frosinone,0,0,0,0,0.0,0,0.0,0,0.0,0.0,0,0.0,0.0,0.0,0,0,0,0.0,0,0.0,0,0.0,0.0,0,0.0,0,0.0,0,0,0,0,0.0,0.0,0,0,0,0.0,0.005,0,0.0,0.0,0.0,0.0,0.0,0,0,0.0,0.0,0,0,0,0.0,0.0,0,0.0,0.0,0,0.0,0.0,0,0,0,0,0,0.0,0,0,0,0.0,0.02,0.0,0,0.0,0,0.0,0,0.0012,0,0.0,0,9e-05,0,0,0,0.0,0.0,0.0,0,0,0.0,0.0,0.0,0,0.0,0.0,0.0,0,0.0,0.0,0.0,0.0,0.03,0.0,0.0,0,0.0,0,0,0.0,0.0,0.0,0.0,0,0,0.0,0,0,0,0.0,0,0,0,0,0.0,0.0,0,0.0,0.0,0,0.0,0.0,0.0,0.0139999999999999,0,0.0,0,0,0.0,0.04,0,0.0,0,0,0.0,0,0,0,0,0,0,0.0,0.06,0.0,0.0,0.0,0.0,0,0,0,0,0,0.0,0.0,0.0,0,0,5e-05,0,0,0.0,0,0,0,0.0,0,0.0,0,0,0,0,0,0.0,0,0,0,0.0,0,0.0,0,0,0.0,0,0.0,0.0,0,0.0,0.0,0.0,0.0,0,0,0.0,0.0,0,0,0,0,0,0,0,0.0,0,0,0,0.0,0,0,0.0,0,0,0,0.0,0,0.0,0.0454,0,0,0.0,0,0.0,0,0.0,0.0,0.0,0,0.0,0.0,0,0,0,0.0,0.0,0.0,0,0,0.0,0.0,0,0,0.0,0.0,0.0,0.0,0.0,0,0,0.0,0,0.0,0.0,0.0,0,0.0,0,0.0,0.0,0.0,0,0.0,0.0,0,0,0,0,0,0.0,0.0,0,0,0.0,0,0.0,0.0,0,0.0,0.0,0,0.0,0.0,0.0,0,0.0,0,0.0,0.0,0,0,0,0.0,0,0,0,0,0.0,0.0,0.0,0,0,0.0,0.0,0.0,0,0.0,0,0.09,0,0,0.0,0.0,0.03,0.0,0,0,0,0.0,0,0,0.0,0,0,0,0.0,0.0,0.13,0,0,0.0,0,0,0,0,0.0,0.0,0.0,0,0,0,0.0,0.0,0,0,0.0,0,0,0.0,0.0,0,0.08,0,0.0,0.0,0,0.0,0.0,0.0,0,0,0,0,0.0,0.0,0,0,0.0,0,0.0,0,0.0,0,0,0.0,0.0,0.0,0,0.0,0,0.0,0,0,0,0,0.0
Gorizia,0,0,0,0,0.0,0,0.0,0,0.0,0.0,0,0.0,0.0,0.0,0,0,0,0.0,0,0.0,0,0.0,0.0,0,0.0,0,0.0,0,0,0,0,0.0,0.0,0,0,0,0.06,0.0,0,0.0,0.0,0.0,0.0,0.0,0,0,0.0,0.0,0,0,0,0.0,0.0,0,0.0,0.0,0,0.0,0.0,0,0,0,0,0,0.0,0,0,0,0.0,0.0,0.0,0,0.0,0,0.0,0,0.0,0,0.0,0,0.0,0,0,0,0.0,0.0,0.0,0,0,0.0,0.0,0.0,0,0.0,0.0,0.0,0,0.0,0.0,0.0,0.0,0.0,0.0,0.0,0,0.0,0,0,0.0005,0.0007,0.0043,0.0024,0,0,0.0,0,0,0,0.0,0,0,0,0,0.0,0.0,0,0.0,0.0,0,0.0,0.0,0.0,0.02,0,0.0,0,0,0.0,0.0,0,0.0,0,0,0.0,0,0,0,0,0,0,0.0,0.0,0.0,0.0,0.0,0.0,0,0,0,0,0,0.0,0.0,0.0,0,0,0.0,0,0,0.0,0,0,0,0.0,0,0.0,0,0,0,0,0,0.0,0,0,0,0.0,0,0.0,0,0,0.0,0,0.0,0.0,0,0.0,0.0,0.0,0.0,0,0,0.0,0.0,0,0,0,0,0,0,0,0.02,0,0,0,0.0,0,0,0.01,0,0,0,0.0,0,0.0,0.0,0,0,0.0,0,0.0,0,0.0,0.0,0.0,0,0.0,0.0,0,0,0,0.0,0.0,0.0,0,0,0.0,0.0,0,0,0.0,0.0,0.0,0.0,0.0,0,0,0.0,0,0.0,0.01,0.0,0,0.0,0,0.0,0.0,0.0,0,0.0,0.0,0,0,0,0,0,0.0,0.0,0,0,0.0002,0,0.0,0.0,0,0.0,0.0,0,0.0,0.0,0.0,0,0.0,0,0.0,0.0,0,0,0,0.0,0,0,0,0,0.0,0.0,0.0,0,0,0.0,0.0,0.0,0,0.0,0,0.0,0,0,0.0,0.0,0.0,0.0,0,0,0,0.0,0,0,0.0,0,0,0,0.0,0.0,0.0,0,0,0.0,0,0,0,0,0.0,0.0,0.0,0,0,0,0.0,0.0,0,0,0.0,0,0,0.0,0.0,0,0.0,0,0.0,0.0,0,0.0,0.0,0.0,0,0,0,0,0.0,0.0,0,0,0.0,0,0.0,0,0.0,0,0,0.0,0.0,0.0,0,0.0,0,0.0,0,0,0,0,0.0
Grosseto,0,0,0,0,0.0,0,0.0,0,0.0,0.0,0,0.0,0.0,0.0,0,0,0,0.0,0,0.0,0,0.0,0.0,0,0.0,0,0.0,0,0,0,0,0.0,0.0,0,0,0,0.1939999999999999,0.0,0,0.0,0.0,0.0,0.0,0.0,0,0,0.0,0.0,0,0,0,0.0,0.0,0,0.0,0.0,0,0.09,0.0,0,0,0,0,0,0.0,0,0,0,0.0,0.0,0.0,0,0.0,0,0.0,0,0.009,0,0.0,0,0.0,0,0,0,0.0,0.0,0.0,0,0,0.0,0.0,0.0,0,0.0,0.0,0.0,0,0.0,0.0,0.0,0.0,0.0,0.0,0.0,0,0.0,0,0,0.0,0.0,0.0,0.0,0,0,0.0,0,0,0,0.0,0,0,0,0,0.0,0.0,0,0.0,0.0,0,0.0,0.0,0.0,0.0579999999999999,0,0.0,0,0,0.0,0.0,0,0.0,0,0,0.0,0,0,0,0,0,0,0.0,0.0,0.0,0.0,0.0,0.0,0,0,0,0,0,0.0,0.0,0.0,0,0,0.0,0,0,0.0,0,0,0,0.0,0,0.0,0,0,0,0,0,0.0,0,0,0,0.0,0,0.0,0,0,0.0,0,0.0,0.0,0,0.0,0.0,0.0,0.0,0,0,0.0,0.0,0,0,0,0,0,0,0,0.0,0,0,0,0.0,0,0,0.111,0,0,0,0.0,0,0.0,0.01,0,0,0.0,0,0.0,0,0.0,0.0,0.0,0,0.0,0.0,0,0,0,0.0,0.0,0.0,0,0,0.0,0.0,0,0,0.0,0.0,0.0,0.0,0.0,0,0,0.0,0,0.0,0.0,0.0,0,0.0,0,0.0,0.0,0.0,0,0.0,0.0,0,0,0,0,0,0.0,0.0,0,0,0.0,0,0.0,0.0,0,0.0,0.0,0,0.0,0.0069999999999999,0.0,0,0.0,0,0.0,0.0,0,0,0,0.0,0,0,0,0,0.0,0.0,0.0,0,0,0.0,0.0,0.0,0,0.0,0,0.0,0,0,0.0,0.0,0.0,0.0,0,0,0,0.0,0,0,0.0,0,0,0,0.0,0.0,0.0,0,0,0.0,0,0,0,0,0.0,0.0,0.0,0,0,0,0.01,0.0,0,0,0.0,0,0,0.0,0.0,0,0.0,0,0.0,0.0,0,0.0,0.0,0.0,0,0,0,0,0.0,0.0,0,0,0.0,0,0.0,0,0.0,0,0,0.0,0.0,0.0,0,0.0,0,0.0,0,0,0,0,0.0
Imperia,0,0,0,0,0.0,0,0.0,0,0.0,0.0,0,0.0,0.0,0.0,0,0,0,0.0,0,0.0,0,0.0,0.0,0,0.0,0,0.0,0,0,0,0,0.0,0.0,0,0,0,0.0,0.0,0,0.0,0.0,0.0,0.0,0.0,0,0,0.0,0.0,0,0,0,0.0,0.0,0,0.0,0.0,0,0.0,0.0,0,0,0,0,0,0.0,0,0,0,0.0,0.0,0.0,0,0.0,0,0.0,0,0.0,0,0.0,0,0.0,0,0,0,0.0,0.0,0.0,0,0,0.0,0.0,0.0,0,0.0,0.0,0.0,0,0.0,0.0,0.0,0.0,0.0,0.0,0.0,0,0.0,0,0,0.0,0.0,0.0,0.0,0,0,0.0,0,0,0,0.0,0,0,0,0,0.0,0.0,0,0.0,0.0,0,0.0,0.0,0.0,0.0,0,0.0,0,0,0.0,0.0,0,0.0,0,0,0.0,0,0,0,0,0,0,0.0,0.0,0.0,0.0,0.0,0.0,0,0,0,0,0,0.0,0.0,0.0,0,0,0.0,0,0,0.0,0,0,0,0.0,0,0.0,0,0,0,0,0,0.0,0,0,0,0.0,0,0.0,0,0,0.0,0,0.0,0.0,0,0.0,0.0,0.0,0.0,0,0,0.0,0.0,0,0,0,0,0,0,0,0.0,0,0,0,0.0,0,0,0.0,0,0,0,0.0,0,0.0,0.0,0,0,0.0,0,0.0,0,0.0,0.0,0.0,0,0.0,0.0,0,0,0,0.0,0.0,0.0,0,0,0.0,0.0,0,0,0.0,0.0,0.0,0.0,0.0,0,0,0.0,0,0.0,0.0,0.0,0,0.0,0,0.0,0.0,0.0,0,0.0,0.0,0,0,0,0,0,0.0,0.0,0,0,0.0,0,0.0,0.0,0,0.0,0.0,0,0.0,0.0,0.0,0,0.0,0,0.0,0.0,0,0,0,0.0,0,0,0,0,0.0,0.0,0.0,0,0,0.0,0.0,0.0,0,0.0,0,0.0,0,0,0.0,0.0,0.0,0.0,0,0,0,0.0,0,0,0.0,0,0,0,0.0,0.0,0.0,0,0,0.0,0,0,0,0,0.0,0.0,0.0,0,0,0,0.0,0.0,0,0,0.0,0,0,0.0,0.0,0,0.0,0,0.0,0.0,0,0.0,0.0,0.0,0,0,0,0,0.0,0.0,0,0,0.0,0,0.0,0,0.0,0,0,0.0,0.0,0.0,0,0.0,0,0.0,0,0,0,0,0.0
Isernia,0,0,0,0,0.0,0,0.0,0,0.0,0.0,0,0.0,0.0,0.0,0,0,0,0.0,0,0.0,0,0.0,0.0,0,0.0,0,0.0,0,0,0,0,0.0,0.0,0,0,0,0.0,0.0,0,0.0,0.0,0.0,0.0,0.0,0,0,0.0,0.0,0,0,0,0.0,0.0,0,0.0,0.0,0,0.0,0.0,0,0,0,0,0,0.0,0,0,0,0.0,0.0,0.0,0,0.0,0,0.0,0,0.0,0,0.0,0,0.0,0,0,0,0.0,0.0,0.0,0,0,0.0,0.0,0.0,0,0.0,0.0,0.0,0,0.0,0.0,0.0,0.0,0.0,0.0,0.0,0,0.0,0,0,0.0,0.0,0.0,0.0,0,0,0.0,0,0,0,0.0,0,0,0,0,0.0,0.0,0,0.0,0.0,0,0.0,0.0,0.0,0.0,0,0.0,0,0,0.0,0.0,0,0.0,0,0,0.0,0,0,0,0,0,0,0.0,0.0,0.0,0.0,0.0,0.0,0,0,0,0,0,0.0,0.0,0.0,0,0,0.0,0,0,0.0,0,0,0,0.0,0,0.0,0,0,0,0,0,0.0,0,0,0,0.0,0,0.0,0,0,0.0,0,0.0,0.0,0,0.0,0.0,0.0,0.0,0,0,0.0,0.0,0,0,0,0,0,0,0,0.0,0,0,0,0.0,0,0,0.0,0,0,0,0.0,0,0.0,0.0,0,0,0.0,0,0.0,0,0.0,0.0,0.0,0,0.0,0.0,0,0,0,0.0,0.0,0.0,0,0,0.0,0.0,0,0,0.0,0.0,0.0,0.0,0.0,0,0,0.0,0,0.0,0.0,0.0,0,0.0,0,0.0,0.0,0.0,0,0.0,0.0,0,0,0,0,0,0.0,0.0,0,0,0.0,0,0.0,0.0,0,0.0,0.0,0,0.0,0.0,0.0,0,0.0,0,0.0,0.0,0,0,0,0.0,0,0,0,0,0.0,0.0,0.0,0,0,0.0,0.0,0.0,0,0.0,0,0.0,0,0,0.0,0.0,0.0,0.0,0,0,0,0.0,0,0,0.0,0,0,0,0.0,0.0,0.0,0,0,0.0,0,0,0,0,0.0,0.0,0.0,0,0,0,0.0,0.0,0,0,0.0,0,0,0.0,0.0,0,0.0,0,0.0,0.0,0,0.0,0.0,0.0,0,0,0,0,0.0,0.0,0,0,0.0,0,0.0,0,0.0,0,0,0.0,0.0,0.0,0,0.0,0,0.0,0,0,0,0,0.0
L'Aquila,0,0,0,0,0.0,0,0.0,0,0.0,0.0,0,0.0,0.0,0.0,0,0,0,0.0,0,0.0,0,0.0,0.0,0,0.0,0,0.0,0,0,0,0,0.0,0.0,0,0,0,0.0,0.0,0,0.0,0.0,0.0,0.0,0.0,0,0,0.0,0.0,0,0,0,0.0,0.0,0,0.0,0.0,0,0.0,0.0,0,0,0,0,0,0.0,0,0,0,0.0,0.0,0.0,0,0.0,0,0.0,0,0.0,0,0.0,0,0.0,0,0,0,0.0,0.0,0.0,0,0,0.0,0.0,0.0,0,0.0,0.0,0.0,0,0.0,0.0,0.0,0.0,0.0,0.0,0.0,0,0.0,0,0,0.0,0.0,0.0,0.0,0,0,0.0,0,0,0,0.0,0,0,0,0,0.0,0.0,0,0.0,0.0,0,0.0,0.0,0.0,0.0,0,0.0,0,0,0.0,0.0,0,0.0,0,0,0.0,0,0,0,0,0,0,0.0,0.0,0.0,0.0,0.0,0.0,0,0,0,0,0,0.0,0.0,0.0,0,0,0.0,0,0,0.0,0,0,0,0.0,0,0.0,0,0,0,0,0,0.0,0,0,0,0.0,0,0.0,0,0,0.0,0,0.0,0.0,0,0.0,0.0,0.0,0.0,0,0,0.0,0.0,0,0,0,0,0,0,0,0.0,0,0,0,0.0,0,0,0.0,0,0,0,0.0,0,0.0,0.0,0,0,0.0,0,0.0,0,0.0,0.0,0.0,0,0.0,0.0,0,0,0,0.0,0.0,0.0,0,0,0.0,0.0,0,0,0.0,0.0,0.0,0.0,0.0,0,0,0.0,0,0.0,0.0,0.0,0,0.0,0,0.0,0.0,0.0,0,0.0,0.0,0,0,0,0,0,0.0,0.0,0,0,0.0,0,0.0,0.0,0,0.0,0.0,0,0.0,0.0,0.0,0,0.0,0,0.0,0.0,0,0,0,0.0,0,0,0,0,0.0,0.0,0.0,0,0,0.0,0.115,0.0,0,0.0,0,0.0,0,0,0.0,0.0,0.0,0.0,0,0,0,0.0,0,0,0.0,0,0,0,0.0,0.0,0.0,0,0,0.0,0,0,0,0,0.0,0.0,0.0,0,0,0,0.0,0.0,0,0,0.0,0,0,0.0,0.0,0,0.0,0,0.0,0.0,0,0.0,0.0,0.0,0,0,0,0,0.0,0.0,0,0,0.0,0,0.0,0,0.0,0,0,0.0,0.0,0.0,0,0.0,0,0.0,0,0,0,0,0.0
La Spezia,0,0,0,0,0.0,0,0.0,0,0.0,0.0,0,0.0,0.0,0.0,0,0,0,0.0,0,0.0,0,0.0,0.0,0,0.0,0,0.0,0,0,0,0,0.0,0.0,0,0,0,0.0,0.0,0,0.0,0.0,0.0,0.0,0.0,0,0,0.0,0.0,0,0,0,0.0,0.0,0,0.0,0.0,0,0.0,0.0,0,0,0,0,0,0.0,0,0,0,0.0,0.0,0.0,0,0.0,0,0.0,0,0.0,0,0.0,0,0.0,0,0,0,0.0,0.0,0.0,0,0,0.0,0.0,0.0,0,0.0,0.0,0.0,0,0.0,0.0,0.0,0.0,0.0,0.0,0.0,0,0.0,0,0,0.0,0.0,0.0,0.0,0,0,0.0,0,0,0,0.0,0,0,0,0,0.0,0.0,0,0.0,0.0,0,0.0,0.0,0.0,0.0,0,0.0,0,0,0.0,0.0,0,0.0,0,0,0.0,0,0,0,0,0,0,0.0,0.0,0.0,0.0,0.0,0.0,0,0,0,0,0,0.0,0.0,0.0,0,0,0.0,0,0,0.0,0,0,0,0.0,0,0.0,0,0,0,0,0,0.0,0,0,0,0.0,0,0.0,0,0,0.0,0,0.0,0.0,0,0.0,0.0,0.0,0.0,0,0,0.0,0.0,0,0,0,0,0,0,0,0.0,0,0,0,0.0,0,0,0.0,0,0,0,0.0,0,0.0,0.0,0,0,0.0,0,0.0,0,0.0,0.0,0.0,0,0.0,0.0,0,0,0,0.0,0.0,0.0,0,0,0.0,0.0,0,0,0.0,0.0,0.0,0.0,0.0,0,0,0.0,0,0.0,0.0,0.0,0,0.0,0,0.0,0.0,0.0,0,0.0,0.0,0,0,0,0,0,0.0,0.0,0,0,0.0,0,0.0,0.0,0,0.0,0.0,0,0.0,0.0,0.0,0,0.0,0,0.0,0.0,0,0,0,0.0,0,0,0,0,0.0,0.0,0.0,0,0,0.0,0.0,0.0,0,0.0,0,0.0,0,0,0.0,0.0,0.0,0.0,0,0,0,0.0,0,0,0.0,0,0,0,0.0,0.0,0.0,0,0,0.0,0,0,0,0,0.0,0.0,0.0,0,0,0,0.0,0.0,0,0,0.0,0,0,0.0,0.0,0,0.0,0,0.0,0.0,0,0.0,0.0,0.0,0,0,0,0,0.0,0.0,0,0,0.0,0,0.0,0,0.0,0,0,0.0,0.0,0.0,0,0.0,0,0.0,0,0,0,0,0.0
Latina,0,0,0,0,0.0,0,0.0,0,0.0,0.0,0,0.0,0.0,0.0,0,0,0,0.0,0,0.0,0,0.01,0.0,0,0.0,0,0.0,0,0,0,0,0.08,0.0,0,0,0,0.0,0.0,0,0.0,0.0,0.0,0.0,0.0,0,0,0.01,0.0,0,0,0,0.0,0.0,0,0.0,0.0,0,0.12,0.0,0,0,0,0,0,0.01,0,0,0,0.0,0.15,0.0,0,0.0,0,0.0,0,0.001,0,0.0,0,0.001,0,0,0,0.0,0.0,0.0,0,0,0.0,0.0,0.148,0,0.0,0.0,0.0,0,0.23,0.05,0.0,0.0,0.0,0.0,0.0,0,0.0,0,0,0.0,0.0,0.0,0.0,0,0,0.0,0,0,0,0.0,0,0,0,0,0.0,0.06,0,0.0,0.0,0,0.0,0.0,0.0542,0.32,0,0.0,0,0,0.0,0.03,0,0.0,0,0,0.0,0,0,0,0,0,0,0.0,0.0,0.0,0.0,0.0,0.0,0,0,0,0,0,0.0,0.0,0.0,0,0,7e-05,0,0,0.0,0,0,0,0.0,0,0.02,0,0,0,0,0,0.0,0,0,0,0.05,0,0.1,0,0,0.0,0,0.0,0.0,0,0.0,0.0,0.0,0.0,0,0,0.0,0.0,0,0,0,0,0,0,0,0.0,0,0,0,0.0,0,0,0.0,0,0,0,0.0,0,0.0,0.1,0,0,0.0,0,0.0,0,0.02,0.0,0.0,0,0.0368,0.0,0,0,0,0.0,0.05,0.0,0,0,0.0,0.0,0,0,0.0,0.0,0.0,0.0,0.0,0,0,0.0,0,0.0,0.0,0.0,0,0.0,0,0.0,0.13,0.0,0,0.0,0.0,0,0,0,0,0,0.0,0.0,0,0,0.0,0,0.0355,0.0,0,0.0,0.0,0,0.0,0.0,0.0,0,0.0,0,0.0,0.0,0,0,0,0.0,0,0,0,0,0.02,0.0,0.0,0,0,0.0,0.0,0.29,0,0.0,0,0.14,0,0,0.0,0.08,0.2479,0.0,0,0,0,0.0,0,0,0.0,0,0,0,0.0,0.0,0.0332,0,0,0.0,0,0,0,0,0.0,0.0,0.0,0,0,0,0.11,0.0,0,0,0.0,0,0,0.0,0.0,0,0.09,0,0.0,0.0,0,0.0,0.0,0.0,0,0,0,0,0.0,0.0,0,0,0.0,0,0.0,0,0.0,0,0,0.0,0.0,0.0469,0,0.0,0,0.0,0,0,0,0,0.0
Lecce,0,0,0,0,0.0,0,0.0,0,0.0,0.0,0,0.0,0.0,0.0,0,0,0,0.0,0,0.0,0,0.0,0.0,0,0.0,0,0.0,0,0,0,0,0.0,0.0,0,0,0,0.0,0.0,0,0.0,0.0,0.0,0.0,0.0,0,0,0.0,0.0,0,0,0,0.0,0.0,0,0.0,0.0,0,0.0,0.0,0,0,0,0,0,0.0,0,0,0,0.0,0.0,0.0,0,0.0,0,0.0,0,0.002,0,0.0,0,0.0,0,0,0,0.0,0.0,0.0,0,0,0.0,0.0,0.0,0,0.0,0.0,0.0,0,0.0,0.0,0.0,0.0,0.0,0.0,0.0,0,0.0,0,0,0.0,0.0,0.0,0.003,0,0,0.0,0,0,0,0.0,0,0,0,0,0.0,0.0,0,0.0,0.0,0,0.0,0.0,0.03,0.0,0,0.0,0,0,0.0,0.0,0,0.043,0,0,0.0,0,0,0,0,0,0,0.0006,0.0,0.0,0.0,0.0027,0.0026,0,0,0,0,0,0.0,0.0,0.0,0,0,0.0,0,0,0.0,0,0,0,0.0,0,0.0,0,0,0,0,0,0.0,0,0,0,0.0,0,0.0,0,0,0.0,0,0.0,0.0,0,0.0,0.0,0.0,0.0,0,0,0.0,0.0,0,0,0,0,0,0,0,0.0,0,0,0,0.0,0,0,0.0,0,0,0,0.0,0,0.0,0.0,0,0,0.0,0,0.0,0,0.0,0.0,0.0,0,0.0,0.0,0,0,0,0.0,0.0,0.0,0,0,0.0,0.0,0,0,0.0,0.0,0.0,0.0,0.0,0,0,0.0,0,0.0,0.0,0.0,0,0.0,0,0.0,0.0,0.0,0,0.0,0.0,0,0,0,0,0,0.0,0.0,0,0,0.0,0,0.0,0.0,0,0.0,0.0,0,0.0,0.0,0.0,0,0.0,0,0.0,0.0,0,0,0,0.0,0,0,0,0,0.0,0.0,0.0,0,0,0.0,0.0,0.0,0,0.0,0,0.0,0,0,0.0,0.0,0.0,0.0,0,0,0,0.0,0,0,0.0,0,0,0,0.0,0.0,0.0,0,0,0.0,0,0,0,0,0.0,0.0,0.0,0,0,0,0.0,0.0,0,0,0.0,0,0,0.0,0.0,0,0.0,0,0.0,0.0,0,0.0,0.0,0.0,0,0,0,0,0.0,0.0,0,0,0.0,0,0.0,0,0.0,0,0,0.0,0.0,0.0,0,0.0,0,0.0,0,0,0,0,0.0
Lecco,0,0,0,0,0.0,0,0.0,0,0.0,0.0,0,0.0,0.0,0.0,0,0,0,0.0,0,0.0,0,0.0,0.0,0,0.0,0,0.0,0,0,0,0,0.0,0.0,0,0,0,0.13,0.0,0,0.0,0.0,0.0,0.0,0.0,0,0,0.0,0.0,0,0,0,0.0,0.0,0,0.0,0.0,0,0.0,0.0,0,0,0,0,0,0.0,0,0,0,0.0,0.0,0.0,0,0.0,0,0.0,0,0.0,0,0.0,0,0.0,0,0,0,0.0,0.0,0.0,0,0,0.0,0.0,0.0,0,0.0,0.0,0.0,0,0.0,0.0,0.0,0.0,0.0,0.0,0.0,0,0.0,0,0,0.0,0.0,0.0,0.0,0,0,0.0,0,0,0,0.0,0,0,0,0,0.0,0.0,0,0.0,0.0,0,0.0,0.0,0.0,0.0,0,0.0,0,0,0.0,0.0,0,0.0,0,0,0.0,0,0,0,0,0,0,0.0,0.0,0.0,0.0,0.0,0.0,0,0,0,0,0,0.0,0.0,0.0,0,0,0.0,0,0,0.0,0,0,0,0.0,0,0.0,0,0,0,0,0,0.0,0,0,0,0.0,0,0.0,0,0,0.0,0,0.0,0.0,0,0.0,0.0,0.0,0.0,0,0,0.0,0.0,0,0,0,0,0,0,0,0.0,0,0,0,0.0,0,0,0.06,0,0,0,0.0,0,0.0,0.0,0,0,0.0,0,0.0,0,0.0,0.0,0.0,0,0.0,0.0,0,0,0,0.0,0.0,0.0,0,0,0.0,0.0,0,0,0.0,0.0,0.0,0.0,0.0,0,0,0.0,0,0.0,0.0,0.0,0,0.0,0,0.0,0.0,0.0,0,0.0,0.0,0,0,0,0,0,0.0,0.0,0,0,0.0,0,0.0,0.0,0,0.0,0.0,0,0.0,0.0,0.0,0,0.0,0,0.0,0.0,0,0,0,0.0,0,0,0,0,0.0,0.0,0.0,0,0,0.0,0.0,0.0,0,0.0,0,0.0,0,0,0.0,0.0,0.0,0.0,0,0,0,0.0,0,0,0.0,0,0,0,0.0,0.0,0.0,0,0,0.0,0,0,0,0,0.0,0.0,0.0,0,0,0,0.0,0.0,0,0,0.0,0,0,0.0,0.0,0,0.0,0,0.0,0.0,0,0.0,0.0,0.0,0,0,0,0,0.0,0.0,0,0,0.0,0,0.0,0,0.0,0,0,0.0,0.0,0.0,0,0.0,0,0.0,0,0,0,0,0.0
Livorno,0,0,0,0,0.0,0,0.0,0,0.0,0.0,0,0.0,0.0,0.0,0,0,0,0.0,0,0.0,0,0.0,0.0,0,0.0,0,0.0,0,0,0,0,0.0,0.0,0,0,0,0.0,0.0,0,0.0,0.0,0.0,0.0,0.0,0,0,0.0,0.0,0,0,0,0.0,0.0,0,0.0,0.0,0,0.0,0.0,0,0,0,0,0,0.0,0,0,0,0.0,0.0,0.0,0,0.0,0,0.0,0,0.0,0,0.0,0,0.0,0,0,0,0.0,0.0,0.0,0,0,0.0,0.0,0.0,0,0.0,0.0,0.0,0,0.0,0.0,0.0,0.0,0.0,0.0,0.0,0,0.0,0,0,0.0,0.0,0.0,0.0,0,0,0.0,0,0,0,0.0,0,0,0,0,0.0,0.0,0,0.0,0.0,0,0.0,0.0,0.0,0.0,0,0.0,0,0,0.0,0.0,0,0.0,0,0,0.0,0,0,0,0,0,0,0.0,0.0,0.0,0.0,0.0,0.0,0,0,0,0,0,0.0,0.0,0.0,0,0,0.0,0,0,0.0,0,0,0,0.0,0,0.0,0,0,0,0,0,0.0,0,0,0,0.0,0,0.0,0,0,0.0,0,0.0,0.0,0,0.0,0.0,0.0,0.0,0,0,0.0,0.0,0,0,0,0,0,0,0,0.0,0,0,0,0.0,0,0,0.0,0,0,0,0.0,0,0.0,0.0,0,0,0.0,0,0.0,0,0.0,0.0,0.0,0,0.0,0.0,0,0,0,0.0,0.0,0.0,0,0,0.0,0.0,0,0,0.0,0.0,0.0,0.0,0.0,0,0,0.0,0,0.0,0.0,0.0,0,0.0,0,0.0,0.0,0.0,0,0.0,0.0,0,0,0,0,0,0.0,0.0,0,0,0.0,0,0.0,0.0,0,0.0,0.0,0,0.0,0.0,0.0,0,0.0,0,0.0,0.0,0,0,0,0.0,0,0,0,0,0.0,0.0,0.0,0,0,0.0,0.0,0.0,0,0.0,0,0.0,0,0,0.0,0.0,0.0,0.0,0,0,0,0.0,0,0,0.0,0,0,0,0.0,0.0,0.0,0,0,0.0,0,0,0,0,0.0,0.0,0.0,0,0,0,0.0,0.0,0,0,0.0,0,0,0.0,0.0,0,0.0,0,0.0,0.0,0,0.0,0.0,0.0,0,0,0,0,0.0,0.0,0,0,0.0,0,0.0,0,0.0,0,0,0.0,0.0,0.0,0,0.0,0,0.0,0,0,0,0,0.0
Lodi,0,0,0,0,0.0,0,0.0,0,0.0,0.0,0,0.017,0.0,0.0,0,0,0,0.0,0,0.0,0,0.0,0.0,0,0.0,0,0.0,0,0,0,0,0.0,0.0,0,0,0,1.92,0.0,0,0.012,0.0,0.0,0.0,0.0,0,0,0.0,0.0,0,0,0,0.0,0.0,0,0.0,0.0,0,0.0,0.0,0,0,0,0,0,0.0,0,0,0,0.0,0.0,0.0,0,0.0,0,0.0,0,0.0,0,0.0,0,0.0,0,0,0,0.0,0.0,0.0,0,0,0.07,0.0,0.0,0,0.0,0.0,0.0,0,0.0,0.0,0.0,0.0,0.0,0.0,0.0,0,0.0,0,0,0.0,0.0,0.0,0.0,0,0,0.0,0,0,0,0.0,0,0,0,0,0.0,0.0,0,0.0,0.0,0,0.0,0.0,0.0,0.0,0,0.0,0,0,0.0,0.0,0,0.0,0,0,0.0,0,0,0,0,0,0,0.0,0.0,0.0,0.0,0.0,0.0,0,0,0,0,0,0.0,0.0,0.0,0,0,0.0,0,0,0.0,0,0,0,0.0,0,0.0,0,0,0,0,0,0.0,0,0,0,0.0,0,0.0,0,0,0.0,0,0.0,0.0,0,0.0,0.0,0.0,0.0,0,0,0.0,0.0,0,0,0,0,0,0,0,0.0,0,0,0,0.0,0,0,0.405,0,0,0,0.0,0,0.0,0.0,0,0,0.0,0,0.0,0,0.0,0.0,0.0,0,0.0,0.0,0,0,0,0.0,0.0,0.0,0,0,0.0,0.0,0,0,0.0,0.0,0.0,0.0,0.0,0,0,0.0,0,0.134,0.0,0.0,0,0.0,0,0.0,0.0,0.0,0,0.0,0.0,0,0,0,0,0,0.0,0.0,0,0,0.0,0,0.0,0.0,0,0.0,0.0,0,0.0,0.0,0.0,0,0.0,0,0.0,0.0,0,0,0,0.0,0,0,0,0,0.0,0.0,0.0,0,0,0.0,0.0,0.0,0,0.0,0,0.0,0,0,0.0,0.0,0.0,0.0,0,0,0,0.0,0,0,0.0,0,0,0,0.0,0.0,0.0,0,0,0.0,0,0,0,0,0.0,0.0,0.0,0,0,0,0.0,0.0,0,0,0.0,0,0,0.0,0.0,0,0.0289999999999999,0,0.0,0.0,0,0.0,0.0,0.0,0,0,0,0,0.0,0.0,0,0,0.0,0,0.0,0,0.0,0,0,0.0,0.0,0.0,0,0.0,0,0.0,0,0,0,0,0.0
Lucca,0,0,0,0,0.0,0,0.0,0,0.0,0.0,0,0.0,0.0,0.0,0,0,0,0.0,0,0.0,0,0.005,0.0,0,0.0,0,0.0,0,0,0,0,0.0,0.0,0,0,0,0.0,0.0,0,0.0,0.0,0.0,0.0069999999999999,0.0,0,0,0.006,0.0,0,0,0,0.0,0.0,0,0.0,0.0,0,0.009,0.0,0,0,0,0,0,0.0,0,0,0,0.0,0.011,0.0,0,0.0,0,0.0,0,0.008,0,0.0,0,0.0,0,0,0,0.0,0.0,0.0,0,0,0.0,0.0,0.0,0,0.0,0.0,0.0,0,0.0,0.01,0.0,0.0,0.0,0.0,0.0,0,0.0,0,0,0.0,0.0,0.0,0.0,0,0,0.0,0,0,0,0.0,0,0,0,0,0.0,0.0,0,0.0,0.0,0,0.0,0.0,0.0,0.0,0,0.0,0,0,0.0,0.018,0,0.0,0,0,0.0,0,0,0,0,0,0,0.0,0.0,0.0,0.0,0.0,0.0,0,0,0,0,0,0.0,0.0,0.0,0,0,0.0,0,0,0.0,0,0,0,0.0,0,0.0,0,0,0,0,0,0.0,0,0,0,0.0,0,0.0,0,0,0.0,0,0.0,0.0,0,0.0,0.0,0.0,0.0,0,0,0.0,0.0,0,0,0,0,0,0,0,0.0,0,0,0,0.0,0,0,0.0,0,0,0,0.0,0,0.0,0.147,0,0,0.0,0,0.0,0,0.009,0.0,0.0,0,0.0,0.0,0,0,0,0.0,0.0,0.0,0,0,0.0,0.0,0,0,0.0,0.012,0.0,0.0,0.0,0,0,0.0,0,0.0,0.0,0.0,0,0.0,0,0.0,0.0,0.0,0,0.0,0.0,0,0,0,0,0,0.0,0.0,0,0,0.0,0,0.0,0.0,0,0.0,0.0,0,0.0,0.0,0.0,0,0.0,0,0.0,0.0,0,0,0,0.0,0,0,0,0,0.0,0.0,0.0,0,0,0.0,0.0,0.0,0,0.0,0,0.0,0,0,0.0,0.0069999999999999,0.0,0.0,0,0,0,0.0,0,0,0.0,0,0,0,0.0,0.0,0.0,0,0,0.006,0,0,0,0,0.0,0.0,0.0,0,0,0,0.006,0.0,0,0,0.0,0,0,0.0,0.0,0,0.0,0,0.0,0.0,0,0.0,0.0,0.0,0,0,0,0,0.0,0.0,0,0,0.0,0,0.0,0,0.0,0,0,0.0,0.0,0.0,0,0.0,0,0.0,0,0,0,0,0.0
Macerata,0,0,0,0,0.0,0,0.0,0,0.0,0.0,0,0.0,0.0,0.0,0,0,0,0.0,0,0.0,0,0.0,0.0,0,0.075,0,0.0,0,0,0,0,0.0,0.0,0,0,0,0.0,0.0,0,0.0,0.0,0.0,0.0,0.0,0,0,0.0,0.0,0,0,0,0.0,0.0,0,0.0,0.0,0,0.0,0.0,0,0,0,0,0,0.0,0,0,0,0.0,0.0,0.0,0,0.0,0,0.0,0,0.0,0,0.0,0,0.0,0,0,0,0.0,0.0,0.0,0,0,0.0,0.0,0.0,0,0.0,0.0,0.0,0,0.0,0.0,0.0,0.0,0.0,0.0,0.0,0,0.0,0,0,0.0,0.0,0.0,0.0,0,0,0.0,0,0,0,0.0,0,0,0,0,0.0,1.35,0,0.0,0.0,0,0.0,0.0,0.0,0.0,0,0.0,0,0,0.0,0.07,0,0.0,0,0,0.0,0,0,0,0,0,0,0.0,0.0,0.0,0.0,0.0,0.0,0,0,0,0,0,0.0,0.0,0.0,0,0,0.0,0,0,0.0,0,0,0,0.0,0,0.0,0,0,0,0,0,0.0,0,0,0,0.0,0,0.0,0,0,0.0,0,0.0,0.0,0,0.0,0.0,0.0,0.0,0,0,0.0,0.0,0,0,0,0,0,0,0,0.0,0,0,0,0.0,0,0,0.0,0,0,0,0.0,0,0.0,0.0,0,0,0.0,0,0.0,0,0.0,0.0,0.0,0,0.0,0.0,0,0,0,0.0,0.0,0.06,0,0,0.0,0.0,0,0,0.0,0.0,0.0,0.0,0.0,0,0,0.0,0,0.14,0.0,0.0,0,0.0,0,0.0,0.0,0.0,0,0.0,0.0,0,0,0,0,0,0.0,0.0,0,0,0.0,0,0.0,0.0,0,0.0,0.0,0,0.0,0.0,0.0,0,0.0,0,0.0,0.0,0,0,0,0.0,0,0,0,0,0.0,0.0,0.0,0,0,0.0,0.0,0.0,0,0.0,0,0.0,0,0,0.0,0.0,0.0,0.0,0,0,0,0.0,0,0,0.0,0,0,0,0.0,0.0,0.0,0,0,0.0,0,0,0,0,0.0,0.0,0.0,0,0,0,0.0,0.0,0,0,0.0,0,0,0.0,0.0,0,0.0139999999999999,0,0.0,0.0,0,0.0,0.0,0.0,0,0,0,0,0.0,0.0,0,0,0.0,0,0.0,0,0.0,0,0,0.0,0.0,0.0,0,0.0,0,0.0,0,0,0,0,0.0
Mantova,0,0,0,0,0.0,0,0.0,0,0.0,0.0,0,0.0,0.0,0.0,0,0,0,0.0,0,0.0,0,0.0,0.0,0,0.0,0,0.0,0,0,0,0,0.0,0.13,0,0,0,0.72,0.0,0,0.0,0.0,0.0,0.0,0.0,0,0,0.86,0.0,0,0,0,0.0,0.51,0,0.0,0.0,0,0.0,0.0,0,0,0,0,0,0.0,0,0,0,0.0,0.0,0.0,0,0.0,0,0.0,0,0.0,0,0.0,0,0.0,0,0,0,0.0,0.0,0.0,0,0,0.5,0.0,0.0,0,0.0,0.0,0.0,0,0.0,0.0,0.0,0.0,0.0,0.0,0.0,0,0.0,0,0,0.0,0.0,0.0,0.0,0,0,0.0,0,0,0,0.0,0,0,0,0,0.0,0.0,0,0.0,0.0,0,0.0,0.0,0.045,0.085,0,0.0,0,0,0.0,0.0,0,0.0,0,0,0.0,0,0,0,0,0,0,0.0,0.0,0.0,0.0,0.0,0.0,0,0,0,0,0,0.0,0.0,0.0,0,0,0.0,0,0,0.0,0,0,0,0.0,0,0.0,0,0,0,0,0,0.0,0,0,0,0.0,0,0.0,0,0,0.0,0,0.0,0.0,0,0.0,0.0,0.0,0.0,0,0,0.0,0.0,0,0,0,0,0,0,0,0.0,0,0,0,0.0,0,0,0.51,0,0,0,0.0,0,0.0,0.0,0,0,0.0,0,0.0,0,0.0,0.0,0.0,0,0.0,0.0,0,0,0,0.0,0.045,0.0,0,0,0.0,0.0,0,0,0.23,0.0,0.0,0.0,0.0,0,0,0.0,0,0.08,0.0,0.0,0,0.0,0,0.0,0.068,0.0,0,0.0,0.0,0,0,0,0,0,0.0,0.053,0,0,0.37,0,0.0,0.0,0,0.0,0.0,0,0.0,0.05,0.0,0,0.0,0,0.0,0.0,0,0,0,0.0,0,0,0,0,0.0,0.0,0.0,0,0,0.0,0.0,0.0,0,0.0,0,0.0,0,0,0.0,0.0,0.0,0.0,0,0,0,0.0,0,0,0.0,0,0,0,0.0,0.0,0.0,0,0,0.0,0,0,0,0,0.0,0.0,0.0,0,0,0,0.038,0.0,0,0,0.0,0,0,0.0,0.06,0,0.0,0,0.0,0.0,0,0.0,0.0,0.0,0,0,0,0,0.0,0.0,0,0,0.0,0,0.0,0,0.0,0,0,0.0,0.0,0.0,0,0.0,0,0.0,0,0,0,0,0.0
Massa-Carrara,0,0,0,0,0.0,0,0.0,0,0.0,0.0,0,0.0,0.0,0.0,0,0,0,0.0,0,0.0,0,0.0,0.0,0,0.0,0,0.0,0,0,0,0,0.0,0.0,0,0,0,0.5920000000000001,0.0,0,0.0,0.0,0.0,0.017,0.0,0,0,0.0279999999999999,0.0,0,0,0,0.0,0.0,0,0.0,0.0,0,0.0,0.0,0,0,0,0,0,0.0,0,0,0,0.0,0.0,0.0,0,0.0,0,0.0,0,0.0,0,0.0,0,0.0,0,0,0,0.0,0.0,0.0,0,0,0.0,0.0,0.0,0,0.0,0.0,0.0,0,0.0,0.0,0.0,0.0,0.0,0.0,0.0,0,0.0,0,0,0.0,0.0,0.0,0.0,0,0,0.0,0,0,0,0.0,0,0,0,0,0.0,0.0,0,0.0,0.0,0,0.0,0.0,0.0,0.0,0,0.0,0,0,0.0,0.0069999999999999,0,0.0,0,0,0.0,0,0,0,0,0,0,0.0,0.0,0.0,0.0,0.0,0.0,0,0,0,0,0,0.0,0.0,0.0,0,0,0.0,0,0,0.0,0,0,0,0.0,0,0.0,0,0,0,0,0,0.0,0,0,0,0.0,0,0.0,0,0,0.0,0,0.0,0.0,0,0.0,0.0,0.0,0.0,0,0,0.0,0.0,0,0,0,0,0,0,0,0.0,0,0,0,0.0,0,0,0.212,0,0,0,0.0,0,0.0,0.009,0,0,0.0,0,0.0,0,0.0,0.0,0.0,0,0.009,0.0,0,0,0,0.0,0.0,0.0,0,0,0.0,0.0,0,0,0.0,0.0,0.0,0.0,0.0,0,0,0.0,0,0.0,0.0,0.0,0,0.0,0,0.0,0.0,0.0,0,0.0,0.0,0,0,0,0,0,0.0,0.0,0,0,0.0,0,0.0,0.0,0,0.0,0.0,0,0.0,0.0,0.0,0,0.0,0,0.0,0.0,0,0,0,0.0,0,0,0,0,0.0,0.0,0.0,0,0,0.0,0.0,0.0,0,0.0,0,0.0,0,0,0.0,0.0,0.0,0.0,0,0,0,0.0,0,0,0.0,0,0,0,0.0,0.0,0.0,0,0,0.0,0,0,0,0,0.0,0.0,0.0,0,0,0,0.0,0.0,0,0,0.0,0,0,0.0,0.0,0,0.0,0,0.0,0.0,0,0.0,0.0,0.0,0,0,0,0,0.0,0.0,0,0,0.0,0,0.0,0,0.0,0,0,0.0,0.0,0.0,0,0.0,0,0.0,0,0,0,0,0.0
Matera,0,0,0,0,0.0,0,0.0,0,0.424,0.0,0,0.0,0.0,0.0217,0,0,0,0.0,0,0.0,0,0.0,0.0,0,0.0,0,0.0,0,0,0,0,0.0,0.0,0,0,0,0.0,0.0005,0,0.0,0.0,0.0,0.00154,0.0,0,0,0.012,0.0,0,0,0,0.0,0.004,0,0.0,0.0,0,0.0038,0.0,0,0,0,0,0,0.0,0,0,0,0.0,0.0,0.0,0,0.0,0,0.0,0,0.0,0,0.0001199999999999,0,0.0,0,0,0,0.0206,0.0067,0.0,0,0,0.0,0.0,0.0007,0,0.0,0.0,0.0052,0,0.0,0.0006,0.0,0.0,0.0,0.0,0.0,0,0.0,0,0,0.0,0.0,0.0008,0.0008,0,0,0.0,0,0,0,0.0,0,0,0,0,0.0,0.0,0,0.0,0.0003,0,0.0,0.0,0.0012,0.0048,0,0.0,0,0,0.0,0.0466,0,0.0,0,0,0.0,0,0,0,0,0,0,0.0,0.0,0.0,0.0,0.0,0.0,0,0,0,0,0,0.0,0.0,0.0,0,0,0.0,0,0,0.0,0,0,0,0.0106,0,0.0,0,0,0,0,0,0.0,0,0,0,0.0,0,0.0,0,0,0.0,0,0.0,0.0,0,0.0,0.0,0.0,0.0,0,0,0.0,0.0,0,0,0,0,0,0,0,0.0,0,0,0,0.0,0,0,0.0,0,0,0,0.0,0,0.0,0.0,0,0,0.0017,0,0.0,0,0.0034,0.0,0.0,0,0.0,0.0,0,0,0,0.0,0.1428,0.0814,0,0,0.0069999999999999,0.0,0,0,0.0,0.0613,0.0,0.0,0.0,0,0,0.0,0,0.001,0.0,0.0,0,0.0,0,0.0,0.00155,0.0,0,0.0039,0.0,0,0,0,0,0,0.0,0.0,0,0,0.0,0,0.0,0.0,0,0.0,0.0,0,0.003,0.0,0.0,0,0.0,0,0.0,0.0,0,0,0,0.0009,0,0,0,0,0.0,0.0,0.1084,0,0,0.0,0.0,0.0,0,0.0,0,0.0,0,0,0.0,0.00059,0.0,0.00128,0,0,0,0.0,0,0,0.0,0,0,0,0.0,0.0,0.0,0,0,0.0122,0,0,0,0,0.0,0.0,0.0,0,0,0,0.0147,0.0,0,0,0.0,0,0,0.0,0.0267,0,0.0273,0,0.011,0.0,0,0.0013,0.0,0.0,0,0,0,0,0.0,0.0018,0,0,0.0,0,0.0,0,0.0,0,0,0.0,0.0,0.0,0,0.0,0,0.0,0,0,0,0,0.0
Messina,0,0,0,0,0.0,0,0.0,0,0.0,0.0,0,0.0,0.0,0.0,0,0,0,0.0,0,0.0,0,0.0,0.0,0,0.0,0,0.0,0,0,0,0,0.0,0.0,0,0,0,0.39,0.0,0,0.0,0.0,0.0,0.0,0.0,0,0,0.0,0.0,0,0,0,0.0,0.0,0,0.0,0.0,0,0.011,0.0,0,0,0,0,0,0.0,0,0,0,0.0,0.004,0.0,0,0.0,0,0.0,0,0.0,0,0.0,0,0.0,0,0,0,0.0,0.0,0.0,0,0,0.0,0.0,0.0,0,0.0,0.0,0.0,0,0.0,0.0,0.0,0.0,0.0,0.0,0.0,0,0.0,0,0,0.0,0.0006,0.0,0.0,0,0,0.0,0,0,0,0.0,0,0,0,0,0.0,0.0,0,0.0,0.0,0,0.0,0.0,0.0,0.0,0,0.0,0,0,0.0,0.0,0,0.0,0,0,0.0,0,0,0,0,0,0,0.0,0.0,0.0,0.0,0.0,0.0,0,0,0,0,0,0.0,0.0,0.0,0,0,0.0,0,0,0.0,0,0,0,0.0,0,0.0,0,0,0,0,0,0.0,0,0,0,0.0,0,0.0,0,0,0.0,0,0.0,0.0,0,0.0,0.0,0.0,0.0,0,0,0.0,0.0,0,0,0,0,0,0,0,0.0,0,0,0,0.0,0,0,0.01,0,0,0,0.0,0,0.0,0.008,0,0,0.0,0,0.0,0,0.0,0.0,0.0,0,0.0,0.0,0,0,0,0.0,0.0,0.0,0,0,0.0,0.0,0,0,0.0,0.0,0.0,0.0,0.0,0,0,0.0,0,0.0,0.0,0.0,0,0.0,0,0.0,0.0,0.0,0,0.011,0.0,0,0,0,0,0,0.0,0.0,0,0,0.0,0,0.0,0.0,0,0.0,0.0,0,0.008,0.0,0.0,0,0.0,0,0.0,0.0,0,0,0,0.0,0,0,0,0,0.0,0.0,0.0,0,0,0.0,0.0,0.0,0,0.0,0,0.0,0,0,0.0,0.0,0.0,0.0,0,0,0,0.0,0,0,0.0,0,0,0,0.0,0.0,0.0,0,0,0.0,0,0,0,0,0.0,0.0,0.0,0,0,0,0.001,0.0,0,0,0.0,0,0,0.0,0.0,0,0.0,0,0.0,0.0,0,0.0,0.0,0.0,0,0,0,0,0.0,0.0,0,0,0.0,0,0.0,0,0.0,0,0,0.0,0.0,0.0,0,0.0,0,0.0,0,0,0,0,0.0
Milano,0,0,0,0,0.0,0,0.0,0,0.0,0.0,0,0.0,0.0,0.0,0,0,0,0.0,0,0.0,0,0.0,0.0,0,0.0,0,0.0,0,0,0,0,0.0,0.214,0,0,0,5.95,0.0,0,0.0,0.0,0.0,0.0,0.0,0,0,0.0,0.0,0,0,0,0.0,0.0,0,0.0,0.0,0,0.0,0.0,0,0,0,0,0,0.0,0,0,0,0.0,0.0,0.0,0,0.0,0,0.0,0,0.0,0,0.0,0,0.0,0,0,0,0.0,0.0,0.0,0,0,0.0,0.0,0.0,0,0.0,0.0,0.0,0,0.0,0.0,0.0,0.0,0.0,0.0,0.0,0,0.0,0,0,0.0,0.0,0.0,0.0,0,0,0.0,0,0,0,0.0,0,0,0,0,0.0,0.0,0,0.0,0.0,0,0.0,0.0,0.0,0.0,0,0.0,0,0,0.0,0.0,0,0.0,0,0,0.0,0,0,0,0,0,0,0.0,0.0,0.0,0.0,0.0,0.0,0,0,0,0,0,0.0,0.0,0.0,0,0,0.0,0,0,0.0,0,0,0,0.0,0,0.0,0,0,0,0,0,0.0,0,0,0,0.0,0,0.0,0,0,0.0,0,0.0,0.022,0,0.0,0.0,0.0,0.0,0,0,0.0,0.0,0,0,0,0,0,0,0,0.0,0,0,0,0.0,0,0,1.2,0,0,0,0.0,0,0.0,0.0,0,0,0.0,0,0.0,0,0.0,0.0,0.0,0,0.0,0.0,0,0,0,0.0,0.0,0.0,0,0,0.0,0.0,0,0,0.0,0.0,0.0,0.0,0.0,0,0,0.0,0,0.024,0.0,0.0,0,0.0,0,0.0,0.0,0.0,0,0.0,0.0,0,0,0,0,0,0.0,0.0,0,0,0.0,0,0.0,0.0,0,0.0,0.0,0,0.0,0.0,0.0,0,0.0,0,0.0,0.0,0,0,0,0.0,0,0,0,0,0.0,0.0,0.0,0,0,0.0,0.0,0.0,0,0.0,0,0.0,0,0,0.0,0.0,0.0,0.0,0,0,0,0.0,0,0,0.0,0,0,0,0.0,0.0,0.0,0,0,0.0,0,0,0,0,0.0,0.0,0.0,0,0,0,0.0,0.0,0,0,0.0,0,0,0.0,0.095,0,0.017,0,0.0,0.0,0,0.0,0.0,0.0,0,0,0,0,0.0,0.0,0,0,0.0,0,0.0,0,0.0,0,0,0.0,0.0,0.0,0,0.0,0,0.0,0,0,0,0,0.0
Monza e della Brianza,0,0,0,0,0.0,0,0.0,0,0.0,0.0,0,0.0,0.0,0.0,0,0,0,0.0,0,0.0,0,0.0,0.0,0,0.0,0,0.0,0,0,0,0,0.0,0.0,0,0,0,6.45,0.0,0,0.0,0.0,0.0,0.0,0.0,0,0,0.0,0.0,0,0,0,0.0,0.05,0,0.0,0.0,0,0.05,0.0,0,0,0,0,0,0.0,0,0,0,0.0,0.0,0.0,0,0.0,0,0.0,0,0.0,0,0.0,0,0.0,0,0,0,0.0,0.0,0.0,0,0,0.0,0.0,0.0,0,0.0,0.0,0.0,0,0.0,0.0,0.0,0.0,0.0,0.0,0.0,0,0.0,0,0,0.0,0.0,0.0,0.0,0,0,0.0,0,0,0,0.0,0,0,0,0,0.0,0.0,0,0.0,0.0,0,0.0,0.0,0.0,0.0,0,0.0,0,0,0.0,0.0,0,0.0,0,0,0.0,0,0,0,0,0,0,0.0,0.0,0.0,0.0,0.0,0.0,0,0,0,0,0,0.0,0.0,0.0,0,0,0.0,0,0,0.0,0,0,0,0.0,0,0.0,0,0,0,0,0,0.0,0,0,0,0.0,0,0.0,0,0,0.0,0,0.0,0.022,0,0.0,0.0,0.0,0.0,0,0,0.0,0.0,0,0,0,0,0,0,0,0.0,0,0,0,0.0,0,0,1.0,0,0,0,0.0,0,0.0,0.06,0,0,0.0,0,0.0,0,0.0,0.0,0.0,0,0.0,0.0,0,0,0,0.0,0.0,0.06,0,0,0.0,0.0,0,0,0.0,0.0,0.0,0.0,0.0,0,0,0.0,0,0.022,0.0,0.0,0,0.0,0,0.0,0.0,0.0,0,0.0,0.0,0,0,0,0,0,0.0,0.0,0,0,0.0,0,0.0,0.0,0,0.0,0.0,0,0.0,0.0139999999999999,0.0,0,0.0,0,0.0,0.0,0,0,0,0.0,0,0,0,0,0.0,0.0,0.0,0,0,0.0,0.0,0.0,0,0.0,0,0.0,0,0,0.0,0.0,0.0,0.0,0,0,0,0.0,0,0,0.0,0,0,0,0.0,0.0,0.0,0,0,0.017,0,0,0,0,0.0,0.0,0.0,0,0,0,0.0,0.0,0,0,0.0,0,0,0.0,0.0,0,0.02,0,0.0,0.0,0,0.0,0.0,0.0,0,0,0,0,0.0,0.0,0,0,0.0,0,0.0,0,0.0,0,0,0.0,0.0,0.0,0,0.0,0,0.0,0,0,0,0,0.0
Padova,0,0,0,0,0.0,0,0.0,0,0.02,0.0,0,0.0,0.0,0.0,0,0,0,0.02,0,0.0,0,0.0,0.0,0,0.08,0,0.0,0,0,0,0,0.0,0.0,0,0,0,0.34,0.0,0,0.01,0.03,0.0,0.01,0.0,0,0,0.02,0.0,0,0,0,0.0,0.04,0,0.0,0.0,0,0.0,0.0,0,0,0,0,0,0.0,0,0,0,0.0,0.0,0.0,0,0.0,0,0.0,0,0.0,0,0.0,0,0.0,0,0,0,0.0,0.0,0.0,0,0,0.37,0.0,0.0,0,0.0,0.0,0.0,0,0.0,0.0,0.0,0.0,0.0,0.0,0.0,0,0.0,0,0,0.0,0.0,0.0,0.0,0,0,0.0,0,0,0,0.0,0,0,0,0,0.0,0.0,0,0.0,0.0,0,0.0,0.0,0.0,0.04,0,0.0,0,0,0.0,0.01,0,0.0,0,0,0.0,0,0,0,0,0,0,0.0,0.0,0.0,0.0,0.0,0.0,0,0,0,0,0,0.0,0.0,0.0,0,0,0.0,0,0,0.0,0,0,0,0.0,0,0.0,0,0,0,0,0,0.0,0,0,0,0.0,0,0.0,0,0,0.0,0,0.0,0.18,0,0.14,0.0,0.0,0.0,0,0,0.0,0.0,0,0,0,0,0,0,0,0.0,0,0,0,0.0,0,0,0.04,0,0,0,0.0,0,0.0,0.0,0,0,0.0,0,0.0,0,0.0,0.0,0.0,0,0.0,0.0,0,0,0,0.0,0.03,0.0,0,0,0.0,0.0,0,0,0.0,0.0,0.0,0.05,0.0,0,0,0.0,0,1.38,0.8,0.0,0,0.0,0,0.0,0.57,0.0,0,0.0,0.0,0,0,0,0,0,0.0,1.27,0,0,0.0,0,0.0,0.0,0,0.0,0.0,0,0.0,0.0,0.0,0,0.0,0,0.0,0.0,0,0,0,0.0,0,0,0,0,0.0,0.0,0.0,0,0,0.0,0.0,0.0,0,0.0,0,0.11,0,0,0.0,0.0,0.02,0.0,0,0,0,0.0,0,0,0.0,0,0,0,0.0,0.0,0.0,0,0,0.0,0,0,0,0,0.0,0.0,0.0,0,0,0,0.02,0.0,0,0,0.0,0,0,0.0,0.0,0,0.02,0,0.05,0.0,0,0.0,0.0,0.0,0,0,0,0,0.0,0.0,0,0,0.0,0,0.0,0,0.0,0,0,0.0,0.0,0.0,0,0.0,0,0.0,0,0,0,0,0.0
Palermo,0,0,0,0,0.0,0,0.0,0,0.1119999999999999,0.0,0,0.0,0.0,0.0,0,0,0,0.0,0,0.0,0,0.004,0.0,0,0.0,0,0.0,0,0,0,0,0.0,0.0,0,0,0,2.98,0.0,0,0.0,0.018,0.0,0.0,0.0,0,0,0.005,0.005,0,0,0,0.0,0.017,0,0.0,0.0,0,0.018,0.0,0,0,0,0,0,0.003,0,0,0,0.0,0.05,0.0,0,0.0,0,0.0,0,0.0,0,0.0,0,0.0,0,0,0,0.0,0.0,0.0,0,0,0.0,0.0,0.0069999999999999,0,0.0,0.0,0.0,0,0.0,0.0,0.0,0.0,0.0,0.0,0.0,0,0.0,0,0,0.0006,0.001,0.0,0.0,0,0,0.0,0,0,0,0.0,0,0,0,0,0.00018,0.0,0,0.0,0.0,0,0.0,0.0,0.148,0.0,0,0.0,0,0,0.0,0.054,0,0.0,0,0,0.0,0,0,0,0,0,0,0.0009,0.0,0.0,0.0,0.0,0.0,0,0,0,0,0,0.08,0.0,0.0,0,0,0.0,0,0,0.0,0,0,0,0.005,0,0.0,0,0,0,0,0,0.0,0,0,0,0.0,0,0.015,0,0,0.0,0,0.0,0.0,0,0.0,0.0,0.0,0.0,0,0,0.0,0.0,0,0,0,0,0,0,0,0.0,0,0,0,0.0,0,0,7.8,0,0,0,0.0,0,0.0,0.287,0,0,0.0,0,0.0,0,0.0069999999999999,0.0,0.0,0,0.0,0.0,0,0,0,0.0,0.07,0.04,0,0,0.0069999999999999,0.0,0,0,0.057,0.0,0.0,0.083,0.0,0,0,0.0,0,0.0,0.0,0.0,0,0.021,0,0.0,0.0,0.005,0,0.03,0.0,0,0,0,0,0,0.0,0.0,0,0,0.0,0,0.0,0.0,0,0.0,0.0,0,0.018,0.0,0.0,0,0.0,0,0.0,0.017,0,0,0,0.0,0,0,0,0,0.0,0.006,0.0,0,0,0.0,0.0,0.0,0,0.001,0,0.002,0,0,0.0,0.0069999999999999,0.0,0.0,0,0,0,0.0,0,0,0.0,0,0,0,0.0,0.0,0.0,0,0,0.0,0,0,0,0,0.0,0.0,0.0,0,0,0,0.019,0.0,0,0,0.0,0,0,0.0,0.0,0,0.021,0,0.01,0.0,0,0.002,0.0,0.0,0,0,0,0,0.0,0.0,0,0,0.001,0,0.0,0,0.0,0,0,0.006,0.0,0.0,0,0.0,0,0.0,0,0,0,0,0.005
Pavia,0,0,0,0,0.0,0,0.0,0,0.0,0.0,0,0.012,0.0,0.0,0,0,0,0.0,0,0.0,0,0.0,0.0,0,0.0,0,0.0,0,0,0,0,0.0,0.0,0,0,0,0.638,0.0,0,0.0,0.0,0.0,0.0,0.04,0,0,0.27,0.0,0,0,0,0.0,0.49,0,0.0,0.0,0,0.0,0.0,0,0,0,0,0,0.0,0,0,0,0.0,0.0,0.0,0,0.0,0,0.0,0,0.0,0,0.5,0,0.0,0,0,0,0.0,0.0,0.0,0,0,0.35,0.0,0.0,0,0.0,0.0,0.0,0,0.0,0.0,0.0,0.0,0.0,0.0,0.0,0,0.0,0,0,0.0,0.0,0.0,0.0,0,0,0.0,0,0,0,0.0,0,0,0,0,0.0,0.0,0,0.0,0.0,0,0.0,0.0,0.0,0.26,0,0.0,0,0,0.0,0.0,0,0.0,0,0,0.0,0,0,0,0,0,0,0.0,0.0,0.0,0.0,0.0,0.0,0,0,0,0,0,0.0,0.0,0.0,0,0,0.0,0,0,0.0,0,0,0,0.0,0,0.0,0,0,0,0,0,0.0,0,0,0,0.0,0,0.0,0,0,0.0,0,0.0,0.0,0,0.0,0.0,0.0,0.0,0,0,0.0,0.0,0,0,0,0,0,0,0,0.0,0,0,0,0.0,0,0,0.18,0,0,0,0.0,0,0.0,0.0,0,0,0.0,0,0.0,0,0.0,0.0,0.0,0,0.0,0.0,0,0,0,0.0,0.34,0.0,0,0,0.0,0.0,0,0,0.564,0.0,0.0,0.0,0.0,0,0,0.0,0,0.06,0.0,0.0,0,0.0,0,0.0,0.0,0.0,0,0.0,0.011,0,0,0,0,0,0.0,0.0,0,0,0.599,0,0.0,0.0,0,0.0,0.0,0,0.0,0.04,0.0,0,0.0,0,0.0,0.0,0,0,0,0.0,0,0,0,0,0.0,0.993,0.0,0,0,0.037,0.0,0.0,0,0.0,0,0.0,0,0,0.0,0.0,0.0,0.0,0,0,0,0.0,0,0,0.0,0,0,0,0.0,0.0,0.0,0,0,0.0,0,0,0,0,0.0,0.0,0.71,0,0,0,0.0,0.0,0,0,0.0,0,0,0.0,0.0,0,0.0,0,0.0,0.0,0,0.0,0.0,0.0,0,0,0,0,0.0,0.0,0,0,0.0,0,0.0,0,0.0,0,0,0.0,0.0,0.0,0,0.0,0,0.0,0,0,0,0,0.0
Perugia,0,0,0,0,0.0,0,0.0,0,0.1,0.0,0,0.0,0.0,0.0,0,0,0,0.0,0,0.0,0,0.0,0.0,0,0.0,0,0.0,0,0,0,0,0.0,0.0,0,0,0,12.0,0.0,0,0.0,0.0,0.0,0.11,0.0,0,0,0.06,0.0,0,0,0,0.0,0.49,0,0.0,0.0,0,0.0,0.0,0,0,0,0,0,0.0,0,0,0,0.0,0.0,0.0,0,0.0,0,0.0,0,0.0,0,0.0,0,0.0,0,0,0,0.0,0.0,0.0,0,0,0.0,0.0,0.0,0,0.0,0.0,0.0,0,0.062,0.0,0.0,0.0,0.0,0.0,0.0,0,0.0,0,0,0.0,0.0,0.0,0.0,0,0,0.0,0,0,0,0.0,0,0,0,0,0.0,0.0,0,0.0,0.0,0,0.0,0.0,0.0,0.08,0,0.0,0,0,0.0,0.03,0,0.0,0,0,0.0,0,0,0,0,0,0,0.0,0.0,0.0,0.0,0.0,0.0,0,0,0,0,0,0.0,0.0,0.0,0,0,0.0,0,0,0.0,0,0,0,0.0,0,0.0,0,0,0,0,0,0.0,0,0,0,0.0,0,0.0,0,0,0.0,0,0.0,0.0,0,0.0,0.18,0.0,0.0,0,0,0.0,0.0,0,0,0,0,0,0,0,0.0,0,0,0,0.0,0,0,0.69,0,0,0,0.0,0,0.0,0.18,0,0,0.0,0,0.0,0,0.012,0.0,0.0,0,0.0,0.0,0,0,0,0.0,0.08,0.09,0,0,0.0,0.0,0,0,0.0,0.18,0.0,0.0,0.0,0,0,0.0,0,0.0,0.0,0.0,0,0.0,0,0.0,0.0,0.0,0,0.0,0.0,0,0,0,0,0,0.0,0.0,0,0,0.0,0,0.0,0.0,0,0.0,0.0,0,0.02,0.0,0.0,0,0.0,0,0.0,0.0,0,0,0,0.07,0,0,0,0,0.0,0.21,0.0,0,0,0.0,0.0,0.0,0,0.0,0,0.02,0,0,0.0,0.023,0.01,0.0,0,0,0,0.0,0,0,0.0,0,0,0,0.0,0.0,0.44,0,0,0.01,0,0,0,0,0.0,0.17,0.0,0,0,0,0.04,0.0,0,0,0.0,0,0,0.0,0.27,0,0.03,0,0.0,0.0,0,0.0,0.0,0.0,0,0,0,0,0.0,0.0,0,0,0.0,0,0.0,0,0.0,0,0,0.0,0.0,0.0,0,0.0,0,0.0,0,0,0,0,0.0
Pesaro e Urbino,0,0,0,0,0.0,0,0.0,0,0.0,0.0,0,0.0,0.0,0.0,0,0,0,0.0,0,0.0,0,0.0,0.0,0,0.075,0,0.0,0,0,0,0,0.0,0.0,0,0,0,0.0,0.0,0,0.0,0.0,0.0,0.0,0.0,0,0,0.0,0.0,0,0,0,0.0,0.0,0,0.0,0.0,0,0.0,0.0,0,0,0,0,0,0.0,0,0,0,0.0,0.0,0.0,0,0.0,0,0.0,0,0.0,0,0.0,0,0.0,0,0,0,0.0,0.0,0.0,0,0,0.0,0.0,0.0,0,0.0,0.0,0.0,0,0.0,0.0,0.0,0.0,0.0,0.0,0.0,0,0.0,0,0,0.0,0.0,0.0,0.0,0,0,0.0,0,0,0,0.0,0,0,0,0,0.0,0.0,0,0.0,0.0,0,0.0,0.0,0.13,0.0,0,0.0,0,0,0.0,0.07,0,0.0,0,0,0.0,0,0,0,0,0,0,0.0,0.0,0.0,0.0,0.0,0.0,0,0,0,0,0,0.0,0.0,0.0,0,0,0.0,0,0,0.0,0,0,0,0.0,0,0.0,0,0,0,0,0,0.0,0,0,0,0.0,0,0.0,0,0,0.0,0,0.0,0.0,0,0.0,0.0,0.0,0.0,0,0,0.0,0.0,0,0,0,0,0,0,0,0.0,0,0,0,0.0,0,0,0.0,0,0,0,0.0,0,0.0,0.0,0,0,0.0,0,0.0,0,0.0,0.0,0.0,0,0.0,0.0,0,0,0,0.0,0.0,0.06,0,0,0.0,0.0,0,0,0.0,0.0,0.0,0.0,0.0,0,0,0.0,0,0.14,0.0,0.0,0,0.0,0,0.0,0.0,0.0,0,0.0,0.0,0,0,0,0,0,0.0,0.0,0,0,0.0,0,0.0,0.0,0,0.0,0.0,0,0.0,0.0,0.0,0,0.0,0,0.0,0.0,0,0,0,0.0,0,0,0,0,0.0,0.0,0.0,0,0,0.0,0.0,0.0,0,0.0,0,0.0,0,0,0.0,0.0,0.0,0.0,0,0,0,0.0,0,0,0.0,0,0,0,0.0,0.0,0.0,0,0,0.0,0,0,0,0,0.0,0.0,0.0,0,0,0,0.0,0.0,0,0,0.0,0,0,0.0,0.0,0,0.023,0,0.0,0.0,0,0.0,0.0,0.0,0,0,0,0,0.0,0.0,0,0,0.0,0,0.0,0,0.0,0,0,0.0,0.0,0.0,0,0.0,0,0.08,0,0,0,0,0.0
Pisa,0,0,0,0,0.0,0,0.0,0,0.032,0.0,0,0.0,0.0,0.0,0,0,0,0.0,0,0.0,0,0.023,0.0,0,0.0,0,0.0,0,0,0,0,0.0,0.0,0,0,0,0.223,0.0,0,0.0,0.005,0.0,0.034,0.0,0,0,0.203,0.011,0,0,0,0.0,0.0,0,0.0,0.0,0,0.037,0.0,0,0,0,0,0,0.0,0,0,0,0.0,0.057,0.0,0,0.0,0,0.0,0,0.0,0,0.0,0,0.0,0,0,0,0.042,0.0,0.0,0,0,0.0,0.0,0.006,0,0.0,0.0,0.0,0,0.011,0.0,0.0,0.0,0.0,0.079,0.0,0,0.0,0,0,0.0,0.0,0.0,0.0,0,0,0.0,0,0,0,0.0,0,0,0,0,0.0,0.0,0,0.0,0.0,0,0.0,0.0,0.0139999999999999,0.044,0,0.0,0,0,0.0,0.077,0,0.0,0,0,0.0,0,0,0,0,0,0,0.0,0.0,0.0,0.0,0.0,0.0,0,0,0,0,0,0.0,0.0,0.0,0,0,0.0,0,0,0.005,0,0,0,0.0,0,0.0,0,0,0,0,0,0.0,0,0,0,0.0,0,0.0,0,0,0.0,0,0.0,0.0,0,0.053,0.005,0.0,0.0,0,0,0.0,0.0,0,0,0,0,0,0,0,0.0,0,0,0,0.0,0,0,0.278,0,0,0,0.0,0,0.0,0.09,0,0,0.0,0,0.0,0,0.01,0.019,0.023,0,0.0,0.0,0,0,0,0.016,0.0,0.0,0,0,0.0,0.0,0,0,0.0,0.069,0.0,0.0,0.0,0,0,0.0,0,0.0,0.0,0.0,0,0.033,0,0.0,0.0,0.0,0,0.0,0.0,0,0,0,0,0,0.0,0.0,0,0,0.0139999999999999,0,0.0,0.0,0,0.0,0.0,0,0.008,0.005,0.0,0,0.0,0,0.0,0.0,0,0,0,0.0,0,0,0,0,0.005,0.0,0.0,0,0,0.0,0.0,0.0,0,0.0,0,0.0,0,0,0.031,0.0069999999999999,0.0,0.0,0,0,0,0.0,0,0,0.0,0,0,0,0.0,0.0,0.079,0,0,0.043,0,0,0,0,0.0,0.0,0.0,0,0,0,0.021,0.006,0,0,0.0,0,0,0.0,0.0,0,0.0,0,1.23,0.0,0,0.0,0.0,0.0,0,0,0,0,0.0,0.0,0,0,0.0,0,0.0,0,0.0,0,0,0.0,0.0,0.0,0,0.0,0,0.0,0,0,0,0,0.012
Pistoia,0,0,0,0,0.0,0,0.0,0,0.262,0.0,0,0.0,0.0,0.0,0,0,0,0.0,0,0.0,0,0.158,0.0,0,0.0,0,0.0,0,0,0,0,0.0,0.0,0,0,0,13.9,0.0,0,0.0,0.03,0.0,0.037,0.0,0,0,0.04,0.0,0,0,0,0.0,0.0,0,0.0,0.0,0,0.177,0.0,0,0,0,0,0,0.0,0,0,0,0.0,0.8590000000000001,0.0,0,0.0,0,0.0,0,0.0,0,0.0,0,0.0,0,0,0,0.0,0.0,0.0,0,0,0.0,0.0,0.0,0,0.0,0.0,0.0,0,0.0139999999999999,0.032,0.0,0.0,0.01,0.009,0.0,0,0.0,0,0,0.0,0.0,0.0,0.0,0,0,0.0,0,0,0,0.0,0,0,0,0,0.0,0.0,0,0.0,0.0,0,0.0,0.0,0.018,0.052,0,0.0,0,0,0.0,0.016,0,0.0,0,0,0.0,0,0,0,0,0,0,0.0,0.0,0.0,0.0,0.0,0.0,0,0,0,0,0,0.0,0.0,0.0,0,0,0.0,0,0,0.008,0,0,0,0.0,0,0.0,0,0,0,0,0,0.0,0,0,0,0.0,0,0.0,0,0,0.0,0,0.0,0.0,0,0.0279999999999999,0.0,0.165,0.0,0,0,0.0,0.0,0,0,0,0,0,0,0,0.0,0,0,0,0.0,0,0,11.3,0,0,0,0.0,0,0.0,0.096,0,0,0.0,0,0.0,0,0.005,0.069,0.032,0,0.016,0.0,0,0,0,0.0,0.517,0.0,0,0,0.0,0.0,0,0,0.0,0.068,0.0,0.0,0.0289999999999999,0,0,0.0,0,0.0,0.0,0.0,0,0.03,0,0.0,0.0,0.0,0,0.0,0.0,0,0,0,0,0,0.0,0.0,0,0,0.195,0,0.0,0.1669999999999999,0,0.0,0.0,0,0.037,0.275,0.0,0,0.0,0,0.0,0.0,0,0,0,0.008,0,0,0,0,0.0,0.0,0.0,0,0,0.0,0.0,0.01,0,0.0,0,0.0,0,0,0.0279999999999999,0.0069999999999999,0.0,0.0,0,0,0,0.0,0,0,0.0,0,0,0,0.0,0.0,0.03,0,0,0.085,0,0,0,0,0.0,0.0,0.0,0,0,0,0.0279999999999999,0.019,0,0,0.0,0,0,0.0,0.0,0,0.0,0,0.019,0.0,0,0.0,0.055,0.0,0,0,0,0,0.0,0.0,0,0,0.0,0,0.0,0,0.0,0,0,0.0,0.0,0.0,0,0.0,0,0.0,0,0,0,0,0.0
Potenza,0,0,0,0,0.0,0,0.0,0,0.306,0.0,0,0.0,0.0,0.0836,0,0,0,0.0,0,0.0,0,0.0,0.0,0,0.0,0,0.0,0,0,0,0,0.0,0.0,0,0,0,0.0,0.002,0,0.0125,0.0,0.0,0.0,0.0,0,0,0.0595,0.0176,0,0,0,0.0,0.09,0,0.0,0.0,0,0.0558,0.0,0,0,0,0,0,0.0,0,0,0,0.0,0.0,0.0,0,0.0,0,0.0,0,0.0,0,0.0135,0,0.001,0,0,0,0.0247,0.0589,0.0,0,0,0.0,0.0,0.1907,0,0.0,0.0,0.00039,0,0.0,0.001,0.0,0.0,0.0,0.0,0.0,0,0.0,0,0,0.0,0.0,0.0006,0.0006,0,0,0.0,0,0,0,0.0,0,0,0,0,0.0005,0.0,0,0.0,0.0,0,0.0,0.0,0.0093,0.0927,0,0.0,0,0,0.0,0.006,0,0.0,0,0,0.0,0,0,0,0,0,0,0.0,0.0,0.0,0.0,0.0,0.0,0,0,0,0,0,0.0,0.0,0.0,0,0,0.0,0,0,0.0,0,0,0,0.0016,0,0.0,0,0,0,0,0,0.0,0,0,0,0.0,0,0.0,0,0,0.0,0,0.0,0.0,0,0.0,0.0,0.0,0.0,0,0,0.0,0.0,0,0,0,0,0,0,0,0.0,0,0,0,0.0,0,0,0.0,0,0,0,0.0,0,0.0,0.0,0,0,0.0037,0,0.0,0,0.001,0.0,0.3967,0,0.0,0.0,0,0,0,0.1249,0.2176,0.018,0,0,0.0099,0.0,0,0,0.0,0.1929,0.0,0.0,0.0,0,0,0.0,0,0.0267,0.0,0.0,0,0.1647,0,0.0372,0.0042,0.0,0,0.0651,0.0,0,0,0,0,0,0.0,0.0013,0,0,0.0,0,0.0,0.0,0,0.0,0.0,0,0.021,0.0,0.0,0,0.0,0,0.0,0.0,0,0,0,0.0012,0,0,0,0,0.0,0.0,0.0035,0,0,0.0,0.0,0.0,0,0.0,0,0.0,0,0,0.0,0.003,0.0,0.0,0,0,0,0.0,0,0,0.0,0,0,0,0.0,0.0,0.0,0,0,0.0,0,0,0,0,0.0,0.0,0.0,0,0,0,0.0735,0.0153,0,0,0.0,0,0,0.0,0.0906,0,0.02,0,0.021,0.0,0,0.0011,0.0,0.0,0,0,0,0,0.0,0.0,0,0,0.0,0,0.0031,0,0.0014,0,0,0.0,0.0,0.0,0,0.0,0,0.0,0,0,0,0,0.0
Prato,0,0,0,0,0.0,0,0.0,0,0.314,0.0,0,0.0,0.0,0.0,0,0,0,0.0,0,0.0,0,0.152,0.0,0,0.0,0,0.0,0,0,0,0,0.0,0.0,0,0,0,15.3,0.0,0,0.0,0.0,0.0,0.241,0.0,0,0,0.012,0.046,0,0,0,0.0,0.0,0,0.0,0.0,0,0.068,0.0,0,0,0,0,0,0.0,0,0,0,0.0,0.162,0.0,0,0.0,0,0.0,0,0.0,0,0.0,0,0.0,0,0,0,0.0,0.0,0.0,0,0,0.0,0.0,0.0,0,0.0,0.0,0.0,0,0.018,0.0069999999999999,0.0,0.0,0.0,0.012,0.0,0,0.0,0,0,0.0,0.0,0.0,0.0,0,0,0.0,0,0,0,0.0,0,0,0,0,0.0,0.0,0,0.0,0.0,0,0.0,0.0,0.012,0.077,0,0.0,0,0,0.0,0.046,0,0.0,0,0,0.0,0,0,0,0,0,0,0.0,0.0,0.0,0.0,0.0,0.0,0,0,0,0,0,0.0,0.0,0.0,0,0,0.0,0,0,0.008,0,0,0,0.0,0,0.0,0,0,0,0,0,0.0,0,0,0,0.0,0,0.0,0,0,0.0,0,0.0,0.0,0,0.0,0.0,0.031,0.0,0,0,0.0,0.0,0,0,0,0,0,0,0,0.0,0,0,0,0.0,0,0,4.37,0,0,0,0.0,0,0.0,0.155,0,0,0.0,0,0.009,0,0.0069999999999999,0.052,0.0,0,0.013,0.0,0,0,0,0.0,0.367,0.0,0,0,0.0,0.0,0,0,0.0,0.009,0.0,0.0,0.0,0,0,0.0,0,0.0,0.0,0.0,0,0.0,0,0.0,0.0,0.0,0,0.0,0.0,0,0,0,0,0,0.0,0.0,0,0,0.098,0,0.0,0.055,0,0.0,0.0,0,0.026,0.1369999999999999,0.0,0,0.0,0,0.0,0.0,0,0,0,0.0,0,0,0,0,0.0,0.0,0.0,0,0,0.0,0.0,0.0,0,0.0,0,0.0,0,0,0.018,0.012,0.0139999999999999,0.0,0,0,0,0.0,0,0,0.0,0,0,0,0.0,0.0,0.047,0,0,0.0,0,0,0,0,0.0,0.0,0.0,0,0,0,0.022,0.018,0,0,0.0,0,0,0.0,0.0,0,0.0,0,0.016,0.0,0,0.0,0.033,0.0,0,0,0,0,0.0,0.0,0,0,0.0,0,0.0,0,0.0,0,0,0.0,0.0,0.0,0,0.0,0,0.0,0,0,0,0,0.0
Ragusa,0,0,0,0,0.0,0,0.09,0,0.02,0.0,0,0.0,0.0,0.0,0,0,0,0.0,0,0.0,0,0.02,0.0,0,0.0,0,0.0,0,0,0,0,0.0,0.0,0,0,0,2.06,0.0,0,0.0,0.0,0.0,0.0,0.0,0,0,0.0289999999999999,0.0,0,0,0,0.0,0.0069999999999999,0,0.0,0.0,0,0.018,0.0,0,0,0,0,0,0.0,0,0,0,0.0,0.04,0.0,0,0.0,0,0.0,0,0.0,0,0.0,0,0.0,0,0,0,0.0,0.0,0.0,0,0,0.0,0.0,0.008,0,0.0,0.0,0.0,0,0.0,0.0,0.0,0.0,0.0,0.0,0.002,0,0.0,0,0,0.0,0.001,0.0,0.0,0,0,0.0,0,0,0,0.0,0,0,0,0,0.00018,0.0,0,0.0,0.0,0,0.0,0.0,0.0,0.0,0,0.0,0,0,0.0,0.064,0,0.0,0,0,0.0,0,0,0,0,0,0,0.0,0.0,0.0,0.0,0.0,0.0,0,0,0,0,0,0.0,0.0,0.0,0,0,0.0,0,0,0.0,0,0,0,0.0,0,0.0,0,0,0,0,0,0.0,0,0,0,0.0,0,0.015,0,0,0.0,0,0.0,0.0,0,0.0,0.0,0.0,0.0,0,0,0.0,0.0,0,0,0,0,0,0,0,0.0,0,0,0,0.0,0,0,0.24,0,0,0,0.0,0,0.0,0.6829999999999999,0,0,0.0,0,0.0,0,0.0069999999999999,0.0,0.0,0,0.0,0.0,0,0,0,0.0,0.0,0.0,0,0,0.0,0.0,0,0,0.005,0.0,0.0,0.0,0.0,0,0,0.0,0,0.0,0.0,0.0,0,0.02,0,0.0,0.0,0.0,0,0.0,0.0,0,0,0,0,0,0.0,0.0,0,0,0.0,0,0.0,0.0,0,0.0,0.0,0,0.0,0.0,0.0,0,0.0,0,0.0,0.0,0,0,0,0.0,0,0,0,0,0.0,0.0,0.0,0,0,0.0,0.0,0.0,0,0.0,0,0.016,0,0,0.0,0.0,0.0,0.0,0,0,0,0.0,0,0,0.0,0,0,0,0.0,0.0,0.0,0,0,0.0,0,0,0,0,0.0,0.0,0.0,0,0,0,0.011,0.0,0,0,0.0,0,0,0.0,0.0,0,0.003,0,0.0,0.0,0,0.003,0.0,0.0,0,0,0,0,0.0,0.0,0,0,0.0,0,0.0,0,0.0,0,0,0.0,0.0,0.0,0,0.0,0,0.0,0,0,0,0,0.0
Rieti,0,0,0,0,0.0,0,0.0,0,0.0,0.0,0,0.0,0.0,0.0,0,0,0,0.0,0,0.0,0,0.0,0.0,0,0.0,0,0.0,0,0,0,0,0.0,0.0,0,0,0,0.0,0.0,0,0.0,0.0,0.0,0.0,0.0,0,0,0.0,0.0,0,0,0,0.0,0.0,0,0.0,0.0,0,0.0,0.0,0,0,0,0,0,0.0,0,0,0,0.0,0.0,0.0,0,0.0,0,0.0,0,0.0027,0,0.0,0,7e-05,0,0,0,0.0,0.0,0.0,0,0,0.0,0.0,0.0,0,0.0,0.0,0.0,0,0.0,0.0,0.0,0.0,0.0,0.0,0.0,0,0.0,0,0,0.0,0.0,0.0,0.0,0,0,0.0,0,0,0,0.0,0,0,0,0,0.0,0.0,0,0.0,0.0,0,0.0,0.0,0.0,0.0,0,0.0,0,0,0.0,0.0,0,0.0,0,0,0.0,0,0,0,0,0,0,0.0,0.0,0.0,0.0,0.0,0.0,0,0,0,0,0,0.0,0.0,0.0,0,0,1e-05,0,0,0.0,0,0,0,0.0,0,0.0,0,0,0,0,0,0.0,0,0,0,0.0,0,0.0,0,0,0.0,0,0.0,0.0,0,0.0,0.0,0.0,0.0,0,0,0.0,0.0,0,0,0,0,0,0,0,0.0,0,0,0,0.0,0,0,0.0,0,0,0,0.0,0,0.0,0.0,0,0,0.0,0,0.0,0,0.0,0.0,0.0,0,0.0,0.0,0,0,0,0.0,0.0,0.0,0,0,0.0,0.0,0,0,0.0,0.0,0.0,0.0,0.0,0,0,0.0,0,0.0,0.0,0.0,0,0.0,0,0.0,0.0,0.0,0,0.0,0.0,0,0,0,0,0,0.0,0.0,0,0,0.0,0,0.0,0.0,0,0.0,0.0,0,0.0,0.0,0.0,0,0.0,0,0.0,0.0,0,0,0,0.0,0,0,0,0,0.0,0.0,0.0,0,0,0.0,0.0,0.0,0,0.0,0,0.0,0,0,0.0,0.0,0.0,0.0,0,0,0,0.0,0,0,0.0,0,0,0,0.0,0.0,0.05,0,0,0.0,0,0,0,0,0.0,0.0,0.0,0,0,0,0.0,0.0,0,0,0.0,0,0,0.0,0.0,0,0.0289999999999999,0,0.0,0.0,0,0.0,0.0,0.0,0,0,0,0,0.0,0.0,0,0,0.0,0,0.0,0,0.0,0,0,0.0,0.0,0.0,0,0.0,0,0.0,0,0,0,0,0.0
Roma,0,0,0,0,0.0,0,0.0,0,0.04,0.03,0,0.0,0.0,0.0,0,0,0,0.0,0,0.0,0,0.0,0.0,0,0.0,0,0.0,0,0,0,0,0.0,0.0,0,0,0,0.0,0.03,0,0.0,0.0,0.0,0.0,0.06,0,0,0.01,0.0,0,0,0,0.0,0.0,0,0.0,0.0,0,0.01,0.0,0,0,0,0,0,0.01,0,0,0,0.0,0.02,0.0,0,0.0,0,0.0,0,0.018,0,0.0,0,0.001,0,0,0,0.0,0.0,0.31,0,0,0.0,0.0,0.0,0,0.0,0.0,0.0,0,0.1001,0.0,0.0,0.0,0.0,0.0,0.0,0,0.0,0,0,0.0,0.0,0.0,0.0,0,0,0.0,0,0,0,0.0,0,0,0,0,0.0,0.0081,0,0.0,0.0,0,0.0,0.0,0.02,0.01,0,0.0,0,0,0.02,0.02,0,0.0,0,0,0.0,0,0,0,0,0,0,0.0,0.04,0.0,0.0,0.0,0.0,0,0,0,0,0,0.0,0.0,0.0,0,0,0.0,0,0,0.0,0,0,0,0.0,0,0.02,0,0,0,0,0,0.0,0,0,0,0.0448,0,0.0,0,0,0.0,0,0.0,0.0,0,0.0,0.0,0.0,0.0,0,0,0.0,0.0,0,0,0,0,0,0,0,0.0,0,0,0,0.0,0,0,0.0,0,0,0,0.0,0,0.0,0.26,0,0,0.0,0,0.0,0,0.0,0.0,0.0,0,0.02,0.0,0,0,0,0.0,0.0697,0.0,0,0,0.0,0.0,0,0,0.0,0.0,0.0,0.0,0.0,0,0,0.0,0,0.0,0.0,0.0,0,0.0,0,0.43,0.0,0.0,0,0.0,0.0,0,0,0,0,0,0.0,0.0,0,0,0.0,0,0.0,0.0,0,0.0,0.0,0,0.0,0.0,0.0,0,0.0,0,0.0,0.0,0,0,0,0.0,0,0,0,0,0.0,0.0,0.0,0,0,0.0,0.0,1.08,0,0.0,0,0.0,0,0,0.0,0.46,0.0,0.0,0,0,0,0.0,0,0,0.0,0,0,0,0.0,0.0,0.0164,0,0,0.0,0,0,0,0,0.0,0.0,0.0,0,0,0,0.01,0.0,0,0,0.0,0,0,0.0,0.0,0,0.07,0,0.0,0.0,0,0.0,0.05,0.0,0,0,0,0,0.0,0.0,0,0,0.0,0,0.0,0,0.0,0,0,0.0,0.0,0.0,0,0.0,0,0.0,0,0,0,0,0.0
Rovigo,0,0,0,0,0.0,0,0.0,0,0.16,0.0,0,0.0,0.0,0.0,0,0,0,0.0,0,0.0,0,0.0,0.0,0,0.0,0,0.0,0,0,0,0,0.0,0.0,0,0,0,0.0,0.0,0,0.1,0.04,0.0,0.0,0.0,0,0,0.14,0.0,0,0,0,0.0,0.17,0,0.0,0.0,0,0.0,0.0,0,0,0,0,0,0.0,0,0,0,0.0,0.0,0.0,0,0.0,0,0.0,0,0.0,0,0.0,0,0.0,0,0,0,0.0,0.0,0.0,0,0,0.0,0.0,0.0,0,0.0,0.02,0.0,0,0.0,0.0,0.0,0.0,0.0,0.0,0.0,0,0.0,0,0,0.0,0.0,0.0,0.0,0,0,0.0,0,0,0,0.0,0,0,0,0,0.0,0.0,0,0.0,0.0,0,0.0,0.0,0.0,0.0,0,0.0,0,0,0.0,0.0,0,0.0,0,0,0.0,0,0,0,0,0,0,0.0,0.0,0.0,0.0,0.0,0.0,0,0,0,0,0,0.03,0.0,0.0,0,0,0.0,0,0,0.0,0,0,0,0.0,0,0.0,0,0,0,0,0,0.0,0,0,0,0.0,0,0.0,0,0,0.0,0,0.0,0.0,0,0.0,0.0,0.0,0.0,0,0,0.0,0.0,0,0,0,0,0,0,0,0.0,0,0,0,0.0,0,0,0.0,0,0,0,0.0,0,0.0,0.04,0,0,0.0,0,0.0,0,0.0,0.0,0.0,0,0.0,0.0,0,0,0,0.0,0.03,0.0,0,0,0.0,0.0,0,0,0.0,0.0,0.0,0.0,0.0,0,0,0.0,0,0.07,0.52,0.0,0,0.0,0,0.0,0.0,0.0,0,0.0,0.0,0,0,0,0,0,0.0,0.0,0,0,0.44,0,0.0,0.0,0,0.0,0.0,0,0.0,0.0,0.0,0,0.0,0,0.0,0.0,0,0,0,0.0,0,0,0,0,0.0,0.0,0.0,0,0,0.0,0.0,0.0,0,0.0,0,0.0,0,0,0.0,0.04,0.0,0.0,0,0,0,0.0,0,0,0.0,0,0,0,0.0,0.0,0.0,0,0,0.0,0,0,0,0,0.0,0.0,0.0,0,0,0,0.04,0.0,0,0,0.0,0,0,0.0,0.0,0,0.2,0,0.0,0.0,0,0.0,0.0,0.0,0,0,0,0,0.0,0.0,0,0,0.0,0,0.0,0,0.0,0,0,0.0,0.0,0.0,0,0.0,0,0.0,0,0,0,0,0.0
Savona,0,0,0,0,0.0,0,0.0,0,0.02,0.0,0,0.0,0.0,0.0,0,0,0,0.0,0,0.0,0,0.0,0.0,0,0.0,0,0.0,0,0,0,0,0.0,0.0,0,0,0,8.1,0.0,0,0.0,0.0,0.0,0.0,0.0,0,0,0.28,0.0,0,0,0,0.0,0.0,0,0.0,0.0,0,0.32,0.0,0,0,0,0,0,0.0,0,0,0,0.0,0.32,0.0,0,0.0,0,0.0,0,0.0,0,0.0,0,0.0,0,0,0,0.0,0.22,0.0,0,0,0.0,0.0,0.11,0,0.0,0.0,0.0,0,0.0,0.0,0.0,0.0,0.0,0.0,0.0,0,0.0,0,0,0.0,0.0,0.0,0.0,0,0,0.0,0,0,0,0.0,0,0,0,0,0.0,0.0,0,0.0,0.0,0,0.0,0.0,0.02,0.49,0,0.0,0,0,0.0,0.0,0,0.0,0,0,0.0,0,0,0,0,0,0,0.0,0.0,0.0,0.0,0.0,0.0,0,0,0,0,0,0.0,0.0,0.0,0,0,0.0,0,0,0.0,0,0,0,0.08,0,0.0,0,0,0,0,0,0.0,0,0,0,0.0,0,0.0,0,0,0.0,0,0.0,0.0,0,0.02,0.0,0.0,0.0,0,0,0.0,0.0,0,0,0,0,0,0,0,0.04,0,0,0,0.0,0,0,19.0,0,0,0,0.0,0,0.0,0.0,0,0,0.0,0,0.0,0,0.0,0.0,0.0,0,0.0,0.0,0,0,0,0.0,0.06,0.0,0,0,0.0,0.0,0,0,0.57,0.0,0.0,0.0,0.0,0,0,0.0,0,0.0,0.0,0.0,0,0.08,0,0.0,0.0,0.0,0,0.0,0.0,0,0,0,0,0,0.0,0.0,0,0,0.0,0,0.0,0.0,0,0.0,0.0,0,0.02,0.0,0.0,0,0.0,0,0.0,0.0,0,0,0,0.01,0,0,0,0,0.04,0.0,0.0,0,0,0.0,0.0,0.0,0,0.0,0,0.0,0,0,0.0,0.01,0.0,0.0,0,0,0,0.0,0,0,0.0,0,0,0,0.0,0.0,0.0,0,0,0.0,0,0,0,0,0.0,0.0,0.0,0,0,0,0.0,0.0,0,0,0.0,0,0,0.0,0.0,0,0.0,0,0.0,0.0,0,0.0,0.0,0.0,0,0,0,0,0.0,0.0,0,0,0.0,0,0.0,0,0.0,0,0,0.0,0.0,0.0,0,0.0,0,0.0,0,0,0,0,0.0
Siena,0,0,0,0,0.0,0,0.0,0,0.0,0.0,0,0.0,0.0,0.0,0,0,0,0.0,0,0.0,0,0.0,0.0,0,0.0,0,0.0,0,0,0,0,0.0,0.0,0,0,0,0.175,0.0,0,0.0,0.0,0.0,0.0,0.0,0,0,0.0,0.0,0,0,0,0.0,0.0,0,0.0,0.0,0,0.06,0.0,0,0,0,0,0,0.0,0,0,0,0.0,0.0,0.0,0,0.0,0,0.0,0,0.0,0,0.0,0,0.0,0,0,0,0.0,0.0,0.0,0,0,0.0,0.0,0.012,0,0.0,0.0,0.0,0,0.005,0.0,0.0,0.0,0.0,0.0139999999999999,0.0,0,0.0,0,0,0.0,0.0,0.0,0.0,0,0,0.0,0,0,0,0.0,0,0,0,0,0.0,0.0,0,0.0,0.0,0,0.0,0.0,0.0,0.027,0,0.0,0,0,0.0,0.0,0,0.0,0,0,0.0,0,0,0,0,0,0,0.0,0.0,0.0,0.0,0.0,0.0,0,0,0,0,0,0.0,0.0,0.0,0,0,0.0,0,0,0.0,0,0,0,0.015,0,0.0,0,0,0,0,0,0.0,0,0,0,0.0,0,0.0,0,0,0.0,0,0.0,0.0,0,0.075,0.005,0.0,0.0,0,0,0.0,0.0,0,0,0,0,0,0,0,0.0,0,0,0,0.0,0,0,0.048,0,0,0,0.0,0,0.0,0.011,0,0,0.0,0,0.0,0,0.0,0.0,0.013,0,0.0,0.0,0,0,0,0.0,0.0,0.0,0,0,0.0,0.0,0,0,0.0,0.027,0.0,0.0,0.0,0,0,0.0,0,0.0,0.0,0.0,0,0.0139999999999999,0,0.0,0.0,0.0,0,0.0,0.0,0,0,0,0,0,0.0,0.0,0,0,0.0,0,0.0,0.0,0,0.0,0.0,0,0.0,0.0,0.0,0,0.0,0,0.0,0.0,0,0,0,0.0,0,0,0,0,0.0,0.0,0.0,0,0,0.0,0.0,0.0,0,0.0,0,0.0,0,0,0.01,0.0,0.0,0.0,0,0,0,0.0,0,0,0.0,0,0,0,0.0,0.0,0.006,0,0,0.075,0,0,0,0,0.0,0.0,0.0,0,0,0,0.012,0.009,0,0,0.0,0,0,0.0,0.0,0,0.0,0,0.011,0.0,0,0.0,0.0,0.0,0,0,0,0,0.0,0.0,0,0,0.0,0,0.0,0,0.0,0,0,0.0,0.0,0.0,0,0.0,0,0.0,0,0,0,0,0.0
Siracusa,0,0,0,0,0.0,0,0.0,0,0.0,0.0,0,0.0,0.0,0.0,0,0,0,0.0,0,0.0,0,0.0,0.0,0,0.0,0,0.0,0,0,0,0,0.0,0.0,0,0,0,0.03,0.0,0,0.0,0.0,0.0,0.0,0.0,0,0,0.0,0.0,0,0,0,0.0,0.0,0,0.0,0.0,0,0.0,0.0,0,0,0,0,0,0.0,0,0,0,0.0,0.0,0.0,0,0.0,0,0.0,0,0.0,0,0.0,0,0.0,0,0,0,0.0,0.0,0.0,0,0,0.01,0.02,0.0,0,0.0,0.0,0.0,0,0.0,0.0,0.0,0.0,0.0,0.0,0.0,0,0.0,0,0,0.0,0.0,0.0,0.0,0,0,0.0,0,0,0,0.0,0,0,0,0,0.0,0.0,0,0.0,0.0,0,0.0,0.0,0.0,0.0,0,0.0,0,0,0.0,0.0,0,0.0,0,0,0.0,0,0,0,0,0,0,0.0,0.0,0.0,0.0,0.0,0.0,0,0,0,0,0,0.0,0.0,0.0,0,0,0.0,0,0,0.0,0,0,0,0.0,0,0.0,0,0,0,0,0,0.0,0,0,0,0.0,0,0.0,0,0,0.0,0,0.0,0.0,0,0.0,0.0,0.0,0.0,0,0,0.0,0.0,0,0,0,0,0,0,0,0.0,0,0,0,0.0,0,0,0.02,0,0,0,0.0,0,0.0,0.008,0,0,0.0,0,0.0,0,0.0,0.0,0.0,0,0.0,0.0,0,0,0,0.0,0.0,0.0,0,0,0.0,0.0,0,0,0.0,0.0,0.0,0.0,0.0,0,0,0.0,0,0.0,0.0,0.0,0,0.0,0,0.0,0.0,0.0,0,0.0,0.0,0,0,0,0,0,0.0,0.0,0,0,0.0,0,0.0,0.0,0,0.0,0.0,0,0.0,0.0,0.0,0,0.0,0,0.0,0.0,0,0,0,0.0,0,0,0,0,0.0,0.0,0.0,0,0,0.0,0.0,0.0,0,0.0,0,0.0,0,0,0.0,0.0,0.0,0.0,0,0,0,0.0,0,0,0.0,0,0,0,0.0,0.0,0.0,0,0,0.0,0,0,0,0,0.0,0.0,0.0,0,0,0,0.0,0.0,0,0,0.0,0,0,0.0,0.0,0,0.0,0,0.0,0.0,0,0.0,0.0,0.0,0,0,0,0,0.0,0.0,0,0,0.0,0,0.0,0,0.0,0,0,0.0,0.0,0.0,0,0.0,0,0.0,0,0,0,0,0.0
Sondrio,0,0,0,0,0.0,0,0.0,0,0.0,0.0,0,0.0,0.0,0.0,0,0,0,0.0,0,0.0,0,0.0,0.0,0,0.0,0,0.0,0,0,0,0,0.0,0.0,0,0,0,0.158,0.0,0,0.0,0.0,0.0,0.0,0.0,0,0,0.0,0.0,0,0,0,0.0,0.0,0,0.0,0.0,0,0.0,0.0,0,0,0,0,0,0.0,0,0,0,0.0,0.0,0.0,0,0.0,0,0.0,0,0.0,0,0.0,0,0.0,0,0,0,0.0,0.0,0.0,0,0,0.0,0.0,0.0,0,0.0,0.0,0.0,0,0.0,0.0,0.0,0.0,0.0,0.0,0.0,0,0.0,0,0,0.0,0.0,0.0,0.0,0,0,0.0,0,0,0,0.0,0,0,0,0,0.0,0.0,0,0.0,0.0,0,0.0,0.0,0.0,0.35,0,0.0,0,0,0.0,0.0,0,0.0,0,0,0.0,0,0,0,0,0,0,0.0,0.0,0.0,0.0,0.0,0.0,0,0,0,0,0,0.0,0.0,0.0,0,0,0.0,0,0,0.0,0,0,0,0.0,0,0.0,0,0,0,0,0,0.0,0,0,0,0.0,0,0.0,0,0,0.0,0,0.0,0.0,0,0.0,0.0,0.0,0.0,0,0,0.0,0.0,0,0,0,0,0,0,0,0.0,0,0,0,0.0,0,0,0.265,0,0,0,0.0,0,0.0,0.0,0,0,0.0,0,0.0,0,0.0,0.0,0.0,0,0.0,0.0,0,0,0,0.0,0.0,0.0,0,0,0.0,0.0,0,0,0.0,0.0,0.0,0.0,0.0,0,0,0.0,0,0.0,0.0,0.0,0,0.0,0,0.0,0.11,0.0,0,0.0,0.0,0,0,0,0,0,0.0,0.0,0,0,0.0,0,0.0,0.0,0,0.0,0.0,0,0.0,0.0,0.0,0,0.0,0,0.0,0.0,0,0,0,0.0,0,0,0,0,0.07,0.0,0.0,0,0,0.0,0.0,0.0,0,0.0,0,0.0,0,0,0.0,0.0,0.0,0.0,0,0,0,0.0,0,0,0.0,0,0,0,0.0,0.0,0.0,0,0,0.0,0,0,0,0,0.0,0.0,0.0,0,0,0,0.0,0.0,0,0,0.0,0,0,0.0,0.0,0,0.0,0,0.0,0.0,0,0.0,0.0,0.0,0,0,0,0,0.0,0.0,0,0,0.0,0,0.0,0,0.0,0,0,0.0,0.0,0.0,0,0.0,0,0.0,0,0,0,0,0.0
Taranto,0,0,0,0,0.0,0,0.0,0,0.0,0.0,0,0.0,0.0,0.0,0,0,0,0.0,0,0.0,0,0.0,0.0,0,0.0,0,0.0,0,0,0,0,0.0,0.0,0,0,0,3.14,0.0,0,0.0,0.0,0.0,0.0,0.0,0,0,0.0,0.0,0,0,0,0.0,0.0,0,0.0,0.0,0,0.0,0.0,0,0,0,0,0,0.0,0,0,0,0.0,0.0139999999999999,0.0,0,0.0,0,0.0,0,0.0,0,0.0,0,0.0,0,0,0,0.0,0.0,0.0,0,0,0.0,0.0,0.0,0,0.0,0.0,0.0,0,0.0,0.0,0.0,0.0,0.0,0.0,0.0,0,0.0,0,0,0.0,0.0,0.0,0.0,0,0,0.0,0,0,0,0.0,0,0,0,0,0.0,0.0,0,0.0,0.0,0,0.0,0.0,0.0,0.29,0,0.0,0,0,0.0,0.0,0,0.0,0,0,0.0,0,0,0,0,0,0,0.0,0.0,0.0,0.0,0.0,0.0,0,0,0,0,0,0.0,0.0,0.0,0,0,0.0,0,0,0.0,0,0,0,0.0,0,0.0,0,0,0,0,0,0.0,0,0,0,0.0,0,0.0,0,0,0.0,0,0.0,0.0,0,0.0,0.0,0.0,0.0,0,0,0.0,0.0,0,0,0,0,0,0,0,0.0,0,0,0,0.0,0,0,1.74,0,0,0,0.0,0,0.0,0.057,0,0,0.0,0,0.0,0,0.0,0.0,0.0,0,0.0,0.0,0,0,0,0.0,0.0,0.0,0,0,0.0,0.0,0,0,0.46,0.0,0.0,0.0,0.0,0,0,0.0,0,0.0,0.0,0.0,0,0.022,0,0.0191,0.0,0.0,0,0.0,0.0,0,0,0,0,0,0.0,0.0,0,0,0.0,0,0.0,0.01,0,0.0,0.0,0,0.04,0.0,0.0,0,0.0,0,0.0,0.0,0,0,0,0.0,0,0,0,0,0.0,0.0,0.0,0,0,0.0,0.0,0.0,0,0.0,0,0.0,0,0,0.0,0.0,0.0,0.0,0,0,0,0.0,0,0,0.0,0,0,0,0.0,0.0,0.0,0,0,0.0,0,0,0,0,0.0,0.0,0.0,0,0,0,0.0,0.0,0,0,0.0,0,0,0.0,0.0,0,0.068,0,0.0,0.0,0,0.0,0.0,0.0,0,0,0,0,0.0,0.0,0,0,0.0,0,0.0,0,0.0,0,0,0.0,0.0,0.0,0,0.0,0,0.0,0,0,0,0,0.0
Teramo,0,0,0,0,0.0,0,0.0,0,0.0,0.0,0,0.0,0.0,0.0,0,0,0,0.0,0,0.0,0,0.0,0.0,0,0.0,0,0.0,0,0,0,0,0.0,0.0,0,0,0,0.0,0.0,0,0.0,0.0,0.0,0.0,0.0,0,0,0.0,0.0,0,0,0,0.0,0.0,0,0.0,0.0,0,0.0,0.0,0,0,0,0,0,0.0,0,0,0,0.0,0.0,0.0,0,0.0,0,0.0,0,0.0,0,0.0,0,0.0,0,0,0,0.0,0.0,0.0,0,0,0.0,0.0,0.0,0,0.0,0.0,0.0,0,0.0,0.0,0.0,0.0,0.0,0.0,0.0,0,0.0,0,0,0.0,0.0,0.0,0.0,0,0,0.0,0,0,0,0.0,0,0,0,0,0.0,0.0,0,0.0,0.0,0,0.0,0.0,0.0,0.0,0,0.0,0,0,0.0,0.0,0,0.0,0,0,0.0,0,0,0,0,0,0,0.0,0.0,0.0,0.0,0.0,0.0,0,0,0,0,0,0.0,0.0,0.0,0,0,0.0,0,0,0.0,0,0,0,0.0,0,0.0,0,0,0,0,0,0.0,0,0,0,0.0,0,0.0,0,0,0.0,0,0.0,0.0,0,0.0,0.0,0.0,0.0,0,0,0.0,0.0,0,0,0,0,0,0,0,0.0,0,0,0,0.0,0,0,0.0,0,0,0,0.0,0,0.0,0.0,0,0,0.0,0,0.0,0,0.0,0.0,0.0,0,0.0,0.0,0,0,0,0.0,0.0,0.0,0,0,0.0,0.0,0,0,0.0,0.0,0.0,0.0,0.0,0,0,0.0,0,0.0,0.0,0.0,0,0.0,0,0.0,0.0,0.0,0,0.0,0.0,0,0,0,0,0,0.0,0.0,0,0,0.0,0,0.0,0.0,0,0.0,0.0,0,0.0,0.0,0.0,0,0.0,0,0.0,0.0,0,0,0,0.0,0,0,0,0,0.0,0.0,0.0,0,0,0.0,0.0,0.0,0,0.0,0,0.0,0,0,0.0,0.0,0.0,0.0,0,0,0,0.0,0,0,0.0,0,0,0,0.0,0.0,0.0,0,0,0.0,0,0,0,0,0.0,0.0,0.0,0,0,0,0.0,0.0,0,0,0.0,0,0,0.0,0.034,0,0.0,0,0.0,0.0,0,0.0,0.0,0.0,0,0,0,0,0.0,0.0,0,0,0.0,0,0.0,0,0.0,0,0,0.0,0.0,0.0,0,0.0,0,0.0,0,0,0,0,0.0
Terni,0,0,0,0,0.0,0,0.0,0,0.0,0.0,0,0.0,0.0,0.0,0,0,0,0.0,0,0.0,0,0.0,0.0,0,0.0,0,0.0,0,0,0,0,0.0,0.0,0,0,0,0.89,0.0,0,0.0,0.0,0.0,0.0,0.0,0,0,0.01,0.0,0,0,0,0.0,0.0,0,0.0,0.0,0,0.0,0.0,0,0,0,0,0,0.0,0,0,0,0.0,0.0,0.0,0,0.0,0,0.0,0,0.0,0,0.0,0,0.0,0,0,0,0.0,0.0,0.0,0,0,0.04,0.0,0.0,0,0.0,0.0,0.0,0,0.13,0.0,0.0,0.0,0.0,0.0,0.0,0,0.0,0,0,0.0,0.0,0.0,0.0,0,0,0.0,0,0,0,0.0,0,0,0,0,0.0,0.0,0,0.0,0.0,0,0.0,0.0,0.0,0.01,0,0.0,0,0,0.0,0.0,0,0.0,0,0,0.0,0,0,0,0,0,0,0.0,0.0,0.0,0.0,0.0,0.0,0,0,0,0,0,0.0,0.0,0.0,0,0,0.0,0,0,0.0,0,0,0,0.0,0,0.0,0,0,0,0,0,0.0,0,0,0,0.0,0,0.0,0,0,0.0,0,0.0,0.0,0,0.0,0.0,0.0,0.0,0,0,0.0,0.0,0,0,0,0,0,0,0,0.0,0,0,0,0.0,0,0,0.28,0,0,0,0.0,0,0.0,0.04,0,0,0.0,0,0.0,0,0.0,0.0,0.0,0,0.0,0.0,0,0,0,0.0,0.0819999999999999,0.057,0,0,0.0,0.0,0,0,0.0,0.03,0.0,0.0,0.0,0,0,0.0,0,0.0,0.0,0.0,0,0.0,0,0.0,0.0,0.0,0,0.0,0.0,0,0,0,0,0,0.0,0.0,0,0,0.0,0,0.0,0.0,0,0.0,0.0,0,0.0,0.0,0.0,0,0.0,0,0.0,0.0,0,0,0,0.0,0,0,0,0,0.0,0.0,0.0,0,0,0.0,0.0,0.0,0,0.0,0,0.0,0,0,0.0,0.02,0.0,0.0,0,0,0,0.0,0,0,0.0,0,0,0,0.0,0.0,0.24,0,0,0.0,0,0,0,0,0.0,0.025,0.0,0,0,0,0.02,0.0,0,0,0.0,0,0,0.0,0.03,0,0.0,0,0.0,0.0,0,0.0,0.0,0.0,0,0,0,0,0.0,0.0,0,0,0.0,0,0.0,0,0.0,0,0,0.0,0.0,0.0,0,0.0,0,0.0,0,0,0,0,0.0
Torino,0,0,0,0,0.0,0,0.0,0,7.7,0.0,0,0.1,0.0,0.0,0,0,0,0.0,0,0.0,0,0.17,0.03,0,0.084,0,0.16,0,0,0,0,0.0,0.0,0,0,0,12.0,0.0,0,0.19,0.19,0.03,0.01,0.09,0,0,3.37,0.0,0,0,0,0.23,9.07,0,0.0,0.02,0,0.46,0.0,0,0,0,0,0,0.17,0,0,1,0.0,0.19,0.026,0,0.026,0,0.0,0,0.0,0,0.65,0,0.0,0,0,0,0.05,0.74,0.0,0,0,0.62,0.0,0.14,0,0.0,0.0,0.05,0,0.21,0.0,0.0,0.0,0.0,0.01,0.0,0,0.02,0,0,0.0,0.0,0.0,0.003,0,0,0.061,0,0,0,0.0,0,0,0,0,0.001,0.0,0,0.05,0.0,0,0.017,0.24,0.18,5.41,0,0.29,0,0,0.0,0.47,0,0.0,0,0,0.0,0,0,0,0,0,0,0.16,0.009,0.0,0.0,0.0,0.0,0,0,0,0,0,0.07,0.0,0.04,0,0,0.0,0,0,0.0,0,0,0,0.015,0,0.0,0,0,0,0,0,0.0,0,0,0,0.0,0,0.01,0,0,0.0,0,0.14,0.61,0,1.15,0.2,0.06,0.0,0,0,0.03,0.1,0,0,0,0,0,0,0,0.0,0,0,0,0.0,0,0,4.5,0,0,0,0.81,0,0.15,0.3,0,0,0.0,0,0.23,0,0.017,0.0,0.12,0,0.15,3.85,0,0,0,0.0,6.7,0.87,0,0,0.0,0.28,0,0,3.45,0.0,0.0,0.92,0.05,0,0,0.0,0,6.06,0.0,0.06,0,0.19,0,0.01,0.77,0.0,0,0.11,0.13,0,0,0,0,0,0.0,3.48,0,0,1.41,0,0.0,0.0,0,0.0,0.0,0,0.114,0.09,0.0069999999999999,0,0.0,0,0.01,0.0,0,0,0,0.0,0,0,0,0,0.18,0.05,0.0,0,0,0.41,0.0,0.05,0,0.0,0,0.15,0,0,0.0,0.07,0.56,0.0,0,0,0,2.14,0,0,0.33,0,0,0,0.05,0.0,0.0,0,0,0.08,0,0,0,0,0.0,0.16,0.49,0,0,0,0.48,0.021,0,0,0.0,0,0,0.03,2.4,0,0.1198,0,0.05,0.0,0,0.0,0.035,3.4,0,0,0,0,2.1,0.0,0,0,0.0,0,0.0,0,0.0,0,0,0.0,0.05,0.21,0,0.03,0,0.0,0,0,0,0,0.01
Trapani,0,0,0,0,0.0,0,0.0,0,0.0,0.0,0,0.0,0.0,0.0,0,0,0,0.0,0,0.0,0,0.0,0.0,0,0.0,0,0.0,0,0,0,0,0.0,0.0,0,0,0,0.76,0.0,0,0.0,0.0,0.0,0.0,0.0,0,0,0.0,0.0,0,0,0,0.0,0.0,0,0.0,0.0,0,0.0069999999999999,0.01,0,0,0,0,0,0.0,0,0,0,0.02,0.004,0.0,0,0.0,0,0.0,0,0.0,0,0.0,0,0.0,0,0,0,0.0,0.0,0.0,0,0,0.0,0.0,0.0,0,0.0,0.0,0.0,0,0.0,0.0,0.0,0.0,0.0,0.0,0.0,0,0.0,0,0,0.0,0.0,0.0,0.0,0,0,0.0,0,0,0,0.0,0,0,0,0,0.0,0.0,0,0.0,0.0,0,0.0,0.0,0.001,0.0,0,0.0,0,0,0.0,0.005,0,0.0,0,0,0.0,0,0,0,0,0,0,0.0,0.0,0.0,0.0,0.0,0.0,0,0,0,0,0,0.0,0.0,0.0,0,0,0.0,0,0,0.0,0,0,0,0.0,0,0.0,0,0,0,0,0,0.0,0,0,0,0.0,0,0.0,0,0,0.0,0,0.0,0.0,0,0.0,0.0,0.0,0.0,0,0,0.0,0.0,0,0,0,0,0,0,0,0.0,0,0,0,0.0,0,0,1.24,0,0,0,0.0,0,0.0,0.215,0,0,0.0,0,0.0,0,0.0,0.0,0.0,0,0.0,0.0,0,0,0,0.0,0.0,0.0,0,0,0.0,0.0,0,0,0.036,0.0,0.0,0.0,0.0,0,0,0.0,0,0.0,0.0,0.0,0,0.0,0,0.0,0.0,0.0,0,0.005,0.0,0,0,0,0,0,0.008,0.0,0,0,0.0,0,0.0,0.0,0,0.0,0.0,0,0.008,0.0,0.0,0,0.0,0,0.0,0.0,0,0,0,0.0,0,0,0,0,0.0,0.0,0.0,0,0,0.0,0.0,0.0,0,0.0,0,0.002,0,0,0.0,0.0,0.0,0.0,0,0,0,0.0,0,0,0.0,0,0,0,0.0,0.0,0.0,0,0,0.0,0,0,0,0,0.0,0.0,0.0,0,0,0,0.008,0.0,0,0,0.0,0,0,0.0,0.0,0,0.005,0,0.01,0.001,0,0.0,0.0,0.0,0,0,0,0,0.0,0.0,0,0,0.0,0,0.0,0,0.0,0,0,0.0,0.0,0.0,0,0.0,0,0.0,0,0,0,0,0.0
Trento,0,0,0,0,0.0,0,0.0,0,0.0,0.0,0,0.0,0.0,0.0,0,0,0,0.0,0,0.08,0,3.26,0.0,0,0.0,0,0.0,0,0,0,0,0.06,0.0,0,0,0,0.0,0.0,0,0.04,0.0,0.0,0.0,0.0,0,0,0.03,0.0,0,0,0,0.0,0.0,0,0.0,0.0,0,0.08,0.0,0,0,0,0,0,0.16,0,0,0,0.56,0.28,0.0,0,0.0,0,0.0,0,0.0,0,0.0,0,0.0,0,0,0,0.0,0.39,0.0,0,0,0.03,0.0,0.34,0,0.0,0.0,0.0,0,0.0,0.04,0.09,0.08,0.0,0.0,0.0,0,0.06,0,0,0.0,0.0,0.0,0.0,0,0,0.0,0,0,0,0.0,0,0,0,0,0.0,0.0,0,0.03,0.05,0,0.0,0.0,0.19,1.01,0,0.0,0,0,0.0,0.07,0,0.0,0,0,0.0,0,0,0,0,0,0,0.0,0.0,0.0,0.0,0.0,0.0,0,0,0,0,0,0.0,0.0,0.0,0,0,0.0,0,0,0.0,0,0,0,0.07,0,0.0,0,0,0,0,0,0.0,0,0,0,0.0,0,0.58,0,0,0.0,0,0.3,0.0,0,0.0,0.16,0.0,0.0,0,0,0.0,0.6,0,0,0,0,0,0,0,0.0,0,0,0,0.0,0,0,0.0,0,0,0,0.0,0,0.0,1.13,0,0,0.0,0,0.0,0,0.0,0.04,0.0,0,0.0,0.0,0,0,0,0.0,0.0,0.0,0,0,0.0,0.0,0,0,0.36,0.0,0.02,0.0,0.0,0,0,0.0,0,0.32,0.0,0.0,0,0.42,0,0.05,0.03,0.0,0,0.0,0.0,0,0,0,0,0,0.0,0.0,0,0,0.11,0,0.0,0.0,0,0.0,0.0,0,0.26,0.0,0.0,0,1.36,0,0.0,0.0,0,0,0,0.0,0,0,0,0,0.59,0.3,0.0,0,0,0.0,0.0,0.0,0,0.0,0,0.0,0,0,0.0,0.06,0.03,0.46,0,0,0,0.0,0,0,0.0,0,0,0,0.0,0.0,0.0,0,0,0.42,0,0,0,0,0.0,0.0,0.0,0,0,0,0.16,0.0,0,0,0.0,0,0,0.0,0.13,0,0.0,0,0.75,0.0,0,0.1,0.19,0.62,0,0,0,0,0.0,0.0,0,0,0.0,0,0.05,0,0.0,0,0,0.0,0.0,0.0,0,0.0,0,0.0,0,0,0,0,0.62
Treviso,0,0,0,0,0.0,0,0.0,0,0.0,0.0,0,0.0,0.0,0.0,0,0,0,0.82,0,0.0,0,0.03,0.0,0,0.0,0,0.0,0,0,0,0,0.0,0.0,0,0,0,0.52,0.0,0,0.0,0.0,0.0,0.0,0.0,0,0,0.12,0.0,0,0,0,0.0,0.7,0,0.0,0.0,0,0.21,0.0,0,0,0,0,0,0.0,0,0,0,0.0,0.0,0.0,0,0.0,0,0.0,0,0.0,0,0.0,0,0.0,0,0,0,0.0,0.07,0.0,0,0,0.03,0.0,0.0,0,0.0,0.0,0.0,0,0.0,0.0,0.1,0.0,0.0,0.0,0.0,0,0.0,0,0,0.0,0.0,0.0,0.02,0,0,0.0,0,0,0,0.0,0,0,0,0,0.05,0.0,0,0.0,0.02,0,0.0,0.0,0.0,1.27,0,0.0,0,0,0.0,0.04,0,0.0,0,0,0.0,0,0,0,0,0,0,0.0,0.0,0.0,0.0,0.0,0.0,0,0,0,0,0,0.0,0.0,0.0,0,0,0.0,0,0,0.0,0,0,0,0.27,0,0.0,0,0,0,0,0,0.0,0,0,0,0.0,0,0.0,0,0,0.0,0,0.02,0.06,0,0.25,0.0,0.0,0.0,0,0,0.0,0.0,0,0,0,0,0,0,0,0.0,0,0,0,0.0,0,0,0.25,0,0,0,0.0,0,0.0,0.02,0,0,0.0,0,0.0,0,0.0,0.0,0.0,0,0.0,0.0,0,0,0,0.0,0.0,0.04,0,0,0.0,0.0,0,0,0.0,0.0,0.0,0.07,0.0,0,0,0.0,0,0.61,0.57,0.0,0,0.5,0,0.0,0.18,0.0,0,0.0,0.0,0,0,0,0,0,0.0,0.45,0,0,0.0,0,0.0,0.0,0,0.0,0.0,0,0.0,0.02,0.0,0,0.0,0,0.0,0.0,0,0,0,0.0,0,0,0,0,0.15,0.0,0.0,0,0,0.0,0.0,0.0,0,0.0,0,0.0,0,0,0.0,0.0,0.03,0.0,0,0,0,0.0,0,0,0.0,0,0,0,0.06,0.0,0.0,0,0,0.0,0,0,0,0,0.0,0.0,0.0,0,0,0,0.04,0.0,0,0,0.0,0,0,0.0,0.0,0,0.02,0,0.05,0.0,0,0.0,0.0,0.0,0,0,0,0,0.0,0.0,0,0,0.0,0,0.0,0,0.0,0,0,0.0,0.0,0.0,0,0.0,0,0.0,0,0,0,0,0.0
Udine,0,0,0,0,0.0,0,0.0,0,0.0,0.0,0,0.0,0.03,0.08,0,0,0,0.0,0,0.0,0,0.0,0.0,0,0.0,0,0.0,0,0,0,0,0.0,0.0,0,0,0,0.0,0.0,0,0.01,0.01,0.0,0.0,0.0,0,0,0.0,0.0,0,0,0,0.0,0.12,0,0.0,0.0,0,0.0,0.0,0,0,0,0,0,0.0,0,0,0,0.0,0.0,0.0,0,0.0,0,0.0,0,0.0,0,0.0,0,0.0,0,0,0,0.0,0.0,0.0,0,0,0.0,0.0,0.0,0,0.0,0.0,0.0,0,0.0,0.0,0.0,0.0,0.0,0.0,0.0,0,0.0,0,0,0.0004,0.0006,0.004,0.0021,0,0,0.0,0,0,0,0.0,0,0,0,0,0.0,0.0,0,0.0,0.0,0,0.0,0.0,0.0,0.06,0,0.0,0,0,0.0,0.0,0,0.0,0,0,0.0,0,0,0,0,0,0,0.0,0.0,0.0,0.0,0.0,0.0,0,0,0,0,0,0.0,0.0,0.0,0,0,0.0,0,0,0.0,0,0,0,0.0,0,0.0,0,0,0,0,0,0.0,0,0,0,0.0,0,0.0,0,0,0.0,0,0.0,0.0,0,0.0,0.0,0.0,0.0,0,0,0.0,0.0,0,0,0,0,0,0,0,0.0,0,0,0,0.0,0,0,0.0,0,0,0,0.0,0,0.0,0.0,0,0,0.0,0,0.0,0,0.0,0.0,0.0,0,0.0,0.0,0,0,0,0.0,0.0,0.0,0,0,0.0,0.0,0,0,0.0,0.0,0.0,0.0,0.0,0,0,0.0,0,0.03,0.11,0.0,0,0.0,0,0.0,0.0,0.0,0,0.0,0.0,0,0,0,0,0,0.0,0.0,0,0,0.0004,0,0.0,0.0,0,0.0,0.0,0,0.0,0.0,0.0,0,0.0,0,0.0,0.0,0,0,0,0.0,0,0,0,0,0.0,0.0,0.0,0,0,0.0,0.0,0.0,0,0.0,0,0.0,0,0,0.0,0.0,0.0,0.0,0,0,0,0.0,0,0,0.0,0,0,0,0.0,0.0,0.0,0,0,0.0,0,0,0,0,0.0,0.0,0.0,0,0,0,0.0,0.0,0,0,0.0,0,0,0.0,0.04,0,0.005,0,0.0,0.0,0,0.0,0.0,0.0,0,0,0,0,0.0,0.0,0,0,0.0,0,0.0,0,0.0,0,0,0.0,0.0,0.0,0,0.0,0,0.0,0,0,0,0,0.0
Varese,0,0,0,0,0.0,0,0.0,0,0.0,0.0,0,0.0,0.0,0.0,0,0,0,0.0,0,0.0,0,0.0,0.0,0,0.0,0,0.0,0,0,0,0,0.0,0.0,0,0,0,1.02,0.0,0,0.0,0.0,0.0,0.0,0.0,0,0,0.0,0.0,0,0,0,0.0,0.0,0,0.0,0.0,0,0.0,0.0,0,0,0,0,0,0.0,0,0,0,0.0,0.0,0.0,0,0.0,0,0.0,0,0.0,0,0.0,0,0.0,0,0,0,0.0,0.0,0.0,0,0,0.0,0.0,0.0,0,0.0,0.0,0.0,0,0.0,0.0,0.0,0.0,0.0,0.0,0.0,0,0.0,0,0,0.0,0.0,0.0,0.0,0,0,0.0,0,0,0,0.0,0,0,0,0,0.0,0.0,0,0.0,0.0,0,0.0,0.0,0.0,0.0,0,0.0,0,0,0.0,0.0,0,0.0,0,0,0.0,0,0,0,0,0,0,0.0,0.0,0.0,0.0,0.0,0.0,0,0,0,0,0,0.0,0.0,0.0,0,0,0.0,0,0,0.0,0,0,0,0.0,0,0.0,0,0,0,0,0,0.0,0,0,0,0.0,0,0.0,0,0,0.0,0,0.0,0.0,0,0.0,0.0,0.0,0.0,0,0,0.0,0.0,0,0,0,0,0,0,0,0.0,0,0,0,0.0,0,0,0.35,0,0,0,0.0,0,0.0,0.0,0,0,0.0,0,0.0,0,0.0,0.0,0.0,0,0.0,0.0,0,0,0,0.0,0.0,0.0,0,0,0.0,0.0,0,0,0.01,0.0,0.0,0.0,0.0,0,0,0.0,0,0.0,0.0,0.0,0,0.0,0,0.0,0.0,0.0,0,0.0,0.0,0,0,0,0,0,0.0,0.0,0,0,0.0,0,0.0,0.0,0,0.0,0.0,0,0.0,0.0,0.0,0,0.0,0,0.0,0.0,0,0,0,0.0,0,0,0,0,0.0,0.0,0.0,0,0,0.0,0.0,0.09,0,0.0,0,0.0,0,0,0.0,0.0,0.0,0.0,0,0,0,0.0,0,0,0.0,0,0,0,0.0,0.0,0.0,0,0,0.0,0,0,0,0,0.0,0.0,0.0,0,0,0,0.0,0.0,0,0,0.0,0,0,0.0,0.0,0,0.0,0,0.0,0.0,0,0.0,0.0,0.0,0,0,0,0,0.0,0.0,0,0,0.0,0,0.0,0,0.0,0,0,0.0,0.0,0.0,0,0.0,0,0.0,0,0,0,0,0.0
Venezia,0,0,0,0,0.0,0,0.0,0,0.03,0.0,0,0.0,0.0,0.0,0,0,0,0.3,0,0.0,0,0.0,0.0,0,0.0,0,0.0,0,0,0,0,0.0,0.0,0,0,0,0.0,0.0,0,0.01,0.02,0.0,0.02,0.0,0,0,0.15,0.0,0,0,0,0.0,0.5,0,0.0,0.0,0,0.03,0.0,0,0,0,0,0,0.0,0,0,0,0.0,0.0,0.0,0,0.0,0,0.0,0,0.0,0,0.0,0,0.0,0,0,0,0.0,0.0,0.0,0,0,0.09,0.0,0.0,0,0.0,0.0,0.14,0,0.0,0.02,0.04,0.0,0.0,0.0,0.0,0,0.0,0,0,0.0,0.0,0.0,0.0,0,0,0.0,0,0,0,0.0,0,0,0,0,0.0,0.0,0,0.0,0.0,0,0.0,0.0,0.0,1.02,0,0.0,0,0,0.0,0.51,0,0.0,0,0,0.0,0,0,0,0,0,0,0.0,0.0,0.0,0.0,0.0,0.0,0,0,0,0,0,0.01,0.0,0.0,0,0,0.0,0,0,0.0,0,0,0,0.0,0,0.0,0,0,0,0,0,0.0,0,0,0,0.0,0,0.0,0,0,0.0,0,0.0,0.09,0,0.82,0.0,0.0,0.0,0,0,0.0,0.0,0,0,0,0,0,0,0,0.0,0,0,0,0.0,0,0,0.0,0,0,0,0.0,0,0.0,0.01,0,0,0.0,0,0.0,0,0.0,0.0,0.0,0,0.01,0.0,0,0,0,0.0,0.0,0.0,0,0,0.0,0.0,0,0,0.0,0.0,0.0,0.03,0.0,0,0,0.0,0,0.5,0.38,0.0,0,0.02,0,0.0,0.42,0.0,0,0.0,0.02,0,0,0,0,0,0.0,4.3,0,0,0.0,0,0.0,0.0,0,0.0,0.0,0,0.0,0.05,0.0,0,0.0,0,0.0,0.0,0,0,0,0.0,0,0,0,0,0.0,0.0,0.0,0,0,0.0,0.0,0.0,0,0.0,0,0.0,0,0,0.0,0.0,0.02,0.0,0,0,0,0.0,0,0,0.0,0,0,0,0.04,0.0,0.0,0,0,0.0,0,0,0,0,0.0,0.0,0.0,0,0,0,0.08,0.02,0,0,0.0,0,0,0.0,0.0,0,0.02,0,0.0,0.0,0,0.0,0.0,0.0,0,0,0,0,0.07,0.0,0,0,0.0,0,0.0,0,0.0,0,0,0.0,0.0,0.0,0,0.0,0,0.0,0,0,0,0,0.0
Verona,0,0,0,0,0.0,0,0.0,0,0.12,0.0,0,0.0,0.0,0.0,0,0,0,0.0,0,0.0,0,0.0,0.0,0,0.0,0,0.0,0,0,0,0,0.0,0.0,0,0,0,0.0,0.0,0,0.04,0.13,0.07,0.03,0.0,0,0,0.11,0.0,0,0,0,0.0,0.42,0,0.02,0.0,0,0.19,0.0,0,0,0,0,0,0.0,0,0,0,0.0,0.0,0.0,0,0.0,0,0.0,0,0.0,0,0.0,0,0.0,0,0,0,0.0,0.05,0.0,0,0,0.17,0.0,0.0,0,0.0,0.0,0.0,0,0.0,0.02,0.0,0.0,0.0,0.0,0.0,0,0.0,0,0,0.0,0.0,0.0,0.0,0,0,0.0,0,0,0,0.0,0,0,0,0,0.0,0.0,0,0.0,0.0,0,0.0,0.02,0.0,0.4,0,0.0,0,0,0.0,0.0,0,0.0,0,0,0.0,0,0,0,0,0,0,0.0,0.0,0.0,0.0,0.0,0.0,0,0,0,0,0,0.01,0.0,0.0,0,0,0.0,0,0,0.0,0,0,0,0.0,0,0.0,0,0,0,0,0,0.0,0,0,0,0.0,0,0.0,0,0,0.0,0,0.31,0.05,0,0.03,0.0,0.0,0.0,0,0,0.0,0.0,0,0,0,0,0,0,0,0.0,0,0,0,0.0,0,0,0.0,0,0,0,0.0,0,0.0,0.07,0,0,0.0,0,0.0,0,0.0,0.0,0.0,0,0.0,0.0,0,0,0,0.0,0.0,0.0,0,0,0.0,0.0,0,0,0.0,0.0,0.0,0.0,0.15,0,0,0.0,0,0.44,0.45,0.0,0,0.0,0,0.0,0.02,0.0,0,0.0,0.0,0,0,0,0,0,0.0,0.09,0,0,0.01,0,0.0,0.0,0,0.0,0.0,0,0.07,0.07,0.0,0,0.0,0,0.0,0.0,0,0,0,0.0,0,0,0,0,0.0,0.0,0.0,0,0,0.0,0.0,0.0,0,0.0,0,0.03,0,0,0.0,0.2,0.0,0.0,0,0,0,0.0,0,0,0.0,0,0,0,0.0,0.0,0.0,0,0,0.0,0,0,0,0,0.0,0.0,0.0,0,0,0,0.14,0.0,0,0,0.0,0,0,0.0,0.0,0,0.11,0,0.0,0.0,0,0.0,0.0,0.0,0,0,0,0,0.0,0.0,0,0,0.0,0,0.0,0,0.0,0,0,0.0,0.0,0.0,0,0.0,0,0.0,0,0,0,0,0.0
Vicenza,0,0,0,0,0.0,0,0.0,0,0.05,0.0,0,0.0,0.0,0.0,0,0,0,0.1,0,0.0,0,0.0,0.0,0,0.0,0,0.02,0,0,0,0,0.0,0.0,0,0,0,0.7,0.0,0,0.01,0.0,0.04,0.0,0.0,0,0,0.03,0.0,0,0,0,0.0,0.08,0,0.02,0.0,0,0.14,0.0,0,0,0,0,0,0.0,0,0,0,0.0,0.0,0.0,0,0.0,0,0.0,0,0.0,0,0.0,0,0.0,0,0,0,0.0,0.0,0.0,0,0,0.04,0.0,0.0,0,0.0,0.0,0.0,0,0.0,0.0,0.0,0.0,0.0,0.0,0.0,0,0.0,0,0,0.0,0.0,0.0,0.0,0,0,0.0,0,0,0,0.0,0,0,0,0,0.0,0.0,0,0.0,0.0,0,0.0,0.03,0.07,0.31,0,0.0,0,0,0.0,0.04,0,0.0,0,0,0.0,0,0,0,0,0,0,0.0,0.0,0.0,0.0,0.0,0.0,0,0,0,0,0,0.0,0.0,0.0,0,0,0.0,0,0,0.0,0,0,0,0.0,0,0.0,0,0,0,0,0,0.0,0,0,0,0.0,0,0.0,0,0,0.0,0,0.0,0.03,0,0.0,0.0,0.0,0.0,0,0,0.0,0.0,0,0,0,0,0,0,0,0.0,0,0,0,0.0,0,0,3.27,0,0,0,0.0,0,0.0,0.19,0,0,0.0,0,0.0,0,0.0,0.0,0.0,0,0.0,0.0,0,0,0,0.0,0.03,0.04,0,0,0.0,0.0,0,0,0.0,0.0,0.0,0.4,0.0,0,0,0.0,0,0.47,1.54,0.0,0,1.24,0,0.0,0.12,0.0,0,0.0,0.0,0,0,0,0,0,0.0,0.04,0,0,0.0,0,0.0,0.0,0,0.0,0.0,0,0.0,0.06,0.0,0,0.0,0,0.0,0.0,0,0,0,0.0,0,0,0,0,0.0,0.0,0.0,0,0,0.0,0.0,0.0,0,0.0,0,0.0,0,0,0.0,0.0,0.03,0.0,0,0,0,0.0,0,0,0.0,0,0,0,0.0,0.0,0.0,0,0,0.0,0,0,0,0,0.0,0.0,0.0,0,0,0,0.43,0.0,0,0,0.0,0,0,0.0,0.0,0,0.06,0,0.0,0.0,0,0.0,0.0,0.0,0,0,0,0,0.0,0.0,0,0,0.0,0,0.0,0,0.0,0,0,0.0,0.0,0.0,0,0.0,0,0.0,0,0,0,0,0.0
Viterbo,0,0,0,0,0.0,0,0.0,0,0.0,0.0,0,0.0,0.0,0.0,0,0,0,0.0,0,0.0,0,0.0,0.0,0,0.0,0,0.0,0,0,0,0,0.0,0.0,0,0,0,0.0,0.0,0,0.0,0.0,0.0,0.0,0.0,0,0,0.0,0.0,0,0,0,0.0,0.0,0,0.0,0.0,0,0.0,0.0,0,0,0,0,0,0.0,0,0,0,0.0,0.01,0.0,0,0.0,0,0.0,0,0.003,0,0.0,0,6e-05,0,0,0,0.0,0.0,0.0,0,0,0.0,0.0,0.0,0,0.0,0.0,0.0,0,0.1633,0.0,0.0,0.0,0.0,0.0,0.0,0,0.0,0,0,0.0,0.0,0.0,0.0,0,0,0.0,0,0,0,0.0,0,0,0,0,0.0,0.0,0,0.0,0.0,0,0.0,0.0,0.0,0.03,0,0.0,0,0,0.0,0.0,0,0.0,0,0,0.0,0,0,0,0,0,0,0.0,0.0,0.0,0.0,0.0,0.0,0,0,0,0,0,0.0,0.0,0.0,0,0,5e-06,0,0,0.0,0,0,0,0.0,0,0.0,0,0,0,0,0,0.0,0,0,0,0.0,0,0.0,0,0,0.0,0,0.0,0.0,0,0.0,0.0,0.0,0.0,0,0,0.0,0.0,0,0,0,0,0,0,0,0.0,0,0,0,0.0,0,0,0.0,0,0,0,0.0,0,0.0,0.01,0,0,0.0,0,0.0,0,0.0,0.0,0.0,0,0.0,0.0,0,0,0,0.0,0.0,0.0,0,0,0.0,0.0,0,0,0.0,0.0,0.0,0.0,0.0,0,0,0.0,0,0.0,0.0,0.0,0,0.0,0,0.0,0.0,0.0,0,0.0,0.0,0,0,0,0,0,0.0,0.0,0,0,0.0,0,0.0,0.0,0,0.0,0.0,0,0.0,0.0,0.0,0,0.0,0,0.0,0.0,0,0,0,0.0,0,0,0,0,0.0,0.0,0.0,0,0,0.0,0.0,0.0,0,0.0,0,0.0,0,0,0.0,0.0,0.0,0.0,0,0,0,0.0,0,0,0.0,0,0,0,0.0,0.0,0.03,0,0,0.0,0,0,0,0,0.0,0.0,0.0,0,0,0,0.0,0.0,0,0,0.0,0,0,0.0,0.0,0,0.02,0,0.0,0.0,0,0.0,0.0,0.0,0,0,0,0,0.0,0.0,0,0,0.0,0,0.0,0,0.0,0,0,0.0,0.0,0.0,0,0.0,0,0.0,0,0,0,0,0.0
