Comune,Livello di contaminazione,count
abbiategrasso,Entro i limiti,2
acerenza,Entro i limiti,1
acerno(sa),Non quantificabile,1
acerra(na),Superiore ai limiti,1
acqualagna,Non quantificabile,1
acquanegra sul chiese,Superiore ai limiti,1
acquapendente,Non quantificabile,1
acquasparta,Entro i limiti,1
adria,Entro i limiti,2
adria,Superiore ai limiti,2
agliana,Non quantificabile,1
agrigento,Superiore ai limiti,1
agropoli(sa),Non quantificabile,1
agugliano,Non quantificabile,1
ailano(ce),Non quantificabile,1
airola(bn),Non quantificabile,1
alano di piave,Non quantificabile,1
alba adriatica,Non quantificabile,2
albanella(sa),Entro i limiti,1
albano di lucania,Non quantificabile,2
albaredo d'adige,Non quantificabile,1
albenga,Entro i limiti,1
albettone,Superiore ai limiti,1
albinea,Non quantificabile,1
albino,Non quantificabile,1
aldeno,Entro i limiti,1
alessandria,Superiore ai limiti,3
alfonsine,Entro i limiti,1
alfonsine,Superiore ai limiti,2
aliano,Non quantificabile,2
alife(ce),Entro i limiti,1
alife(ce),Superiore ai limiti,2
alleghe,Non quantificabile,1
alpago,Non quantificabile,1
alta val tidone,Non quantificabile,1
alzano lombardo,Entro i limiti,1
amandola,Non quantificabile,1
amblar-don,Entro i limiti,1
anagni,Non quantificabile,1
andretta (av),Non quantificabile,1
angolo terme,Non quantificabile,1
anguillara veneta,Entro i limiti,2
annone veneto,Superiore ai limiti,1
anversa degli abruzzi,Non quantificabile,1
anzi,Non quantificabile,3
anzola dell'emilia,Superiore ai limiti,1
apecchio,Non quantificabile,1
apice(bn),Superiore ai limiti,2
aprica,Non quantificabile,1
apricena,Superiore ai limiti,1
aprilia,Entro i limiti,1
arco,Non quantificabile,1
arcole,Non quantificabile,1
arcugnano,Non quantificabile,1
ardea,Non quantificabile,2
ardenno,Entro i limiti,1
ardesio,Non quantificabile,1
arena po,Superiore ai limiti,1
arezzo,Superiore ai limiti,3
argenta,Entro i limiti,1
argenta,Non quantificabile,1
argenta,Superiore ai limiti,4
ariano nel polesine,Entro i limiti,1
arianoirpino(av),Non quantificabile,1
arianoirpino(av),Superiore ai limiti,1
arquata del tronto,Non quantificabile,1
arre,Non quantificabile,1
arsiè,Non quantificabile,2
arvier,Non quantificabile,1
arzago dadda,Superiore ai limiti,1
arzignano,Non quantificabile,1
ascoli piceno,Non quantificabile,3
ascoli satriano,Superiore ai limiti,1
asigliano veneto,Superiore ai limiti,1
asolo,Entro i limiti,1
asti,Entro i limiti,4
asti,Superiore ai limiti,2
atella,Non quantificabile,3
attigliano,Superiore ai limiti,1
auditore,Non quantificabile,1
auronzo di cadore,Non quantificabile,2
avezzano,Entro i limiti,1
avio,Entro i limiti,1
avio,Non quantificabile,1
aymavilles,Non quantificabile,1
azzano mella,Superiore ai limiti,1
badia polesine,Superiore ai limiti,1
bagnara di romagna,Non quantificabile,1
bagni di lucca,Non quantificabile,1
bagnolo s. vito,Superiore ai limiti,1
bagnone,Non quantificabile,2
balvano,Entro i limiti,1
baranzate,Superiore ai limiti,2
barbania,Superiore ai limiti,1
barberino tavarnelle,Entro i limiti,3
barge,Entro i limiti,1
barghe,Non quantificabile,1
baricella,Entro i limiti,1
barletta,Superiore ai limiti,1
barzana,Entro i limiti,1
basaluzzo,Entro i limiti,1
basciano,Non quantificabile,1
baselga di pinè,Non quantificabile,2
bassano del grappa,Non quantificabile,1
bassignana,Superiore ai limiti,1
bastia mondovì,Non quantificabile,1
battaglia terme,Entro i limiti,1
battaglia terme,Superiore ai limiti,2
battipaglia(sa),Superiore ai limiti,1
belforte del chienti,Non quantificabile,2
bellagio,Non quantificabile,1
bellano,Non quantificabile,1
bellaria - igea marina,Superiore ai limiti,1
belluno,Non quantificabile,2
belmonte piceno,Non quantificabile,1
bene lario,Non quantificabile,1
benevento(bn),Entro i limiti,1
benevento(bn),Non quantificabile,1
benevento(bn),Superiore ai limiti,2
berbenno,Non quantificabile,2
bereguardo,Entro i limiti,1
bergamo,Entro i limiti,1
bernalda,Non quantificabile,1
bettona,Superiore ai limiti,3
bevagna,Superiore ai limiti,2
bevilacqua,Entro i limiti,1
bibbiena,Superiore ai limiti,1
bientina,Entro i limiti,1
bientina,Non quantificabile,1
bivona,Non quantificabile,1
blera,Entro i limiti,1
boffalora d'adda,Non quantificabile,1
bojano,Non quantificabile,1
bolzano,Non quantificabile,1
bolzano vicentino,Non quantificabile,1
bomarzo,Non quantificabile,1
bomporto,Entro i limiti,1
bonate sopra,Superiore ai limiti,1
bonate sotto,Non quantificabile,1
bondeno,Entro i limiti,1
bondeno,Superiore ai limiti,1
boretto,Superiore ai limiti,1
borgo d'anaunia,Non quantificabile,1
borgo san lorenzo,Entro i limiti,1
borgo valsugana,Non quantificabile,2
borgoforte,Superiore ai limiti,3
borgolavezzaro,Superiore ai limiti,1
borgonovo val tidone,Non quantificabile,1
borriana,Entro i limiti,1
bosaro,Entro i limiti,1
bosaro,Superiore ai limiti,1
bovegno,Superiore ai limiti,1
bovino,Superiore ai limiti,1
bovolenta,Superiore ai limiti,1
brandizzo,Non quantificabile,1
brandizzo,Superiore ai limiti,1
brebbia,Superiore ai limiti,1
breganze,Non quantificabile,1
brembate sopra,Non quantificabile,1
brentino belluno,Entro i limiti,1
brenzone sul garda,Non quantificabile,1
brescello,Superiore ai limiti,1
brescia,Superiore ai limiti,1
bressana bottarone,Superiore ai limiti,1
brindisi,Entro i limiti,2
brindisi,Superiore ai limiti,2
brindisi di montagna,Non quantificabile,1
briona,Superiore ai limiti,1
briosco,Superiore ai limiti,1
brisighella,Non quantificabile,1
brisighella,Superiore ai limiti,2
brissogne,Non quantificabile,1
brivio,Non quantificabile,1
brunico,Non quantificabile,1
bruno,Superiore ai limiti,1
bruzolo,Entro i limiti,1
buccino(sa),Entro i limiti,1
bulgarograsso,Superiore ai limiti,1
buonconvento,Entro i limiti,1
buronzo,Superiore ai limiti,1
buti,Entro i limiti,1
buti,Non quantificabile,2
caccamo,Entro i limiti,1
cadoneghe,Entro i limiti,1
cagli,Non quantificabile,1
cagnano varano,Non quantificabile,1
caivano(na),Superiore ai limiti,1
calci,Non quantificabile,4
calcinaia,Entro i limiti,1
calcinaia,Non quantificabile,1
calcinaia,Superiore ai limiti,1
caldaro sulla strada del vino,Entro i limiti,1
caldaro sulla strada del vino,Non quantificabile,1
caldogno,Entro i limiti,1
calitri(av),Non quantificabile,1
calolziocorte/olginate,Non quantificabile,1
caltignaga,Superiore ai limiti,2
calvatone,Superiore ai limiti,1
camagna monf.,Entro i limiti,1
camaiore,Non quantificabile,1
cambiano,Superiore ai limiti,1
cameri,Non quantificabile,1
camisano vicentino,Entro i limiti,2
campagna lupia,Superiore ai limiti,2
campagna(sa),Superiore ai limiti,1
campi bisenzio,Non quantificabile,1
campiglia dei berici,Superiore ai limiti,1
campodarsego,Entro i limiti,1
campolongo maggiore,Superiore ai limiti,1
camposampiero,Entro i limiti,2
campotosto,Non quantificabile,2
camugnano,Non quantificabile,1
canaro,Entro i limiti,1
cancelloedarnone(ce),Non quantificabile,1
cancelloedarnone(ce),Superiore ai limiti,1
candia canavese,Non quantificabile,1
canelli,Superiore ai limiti,1
cannara,Superiore ai limiti,1
canneto sull oglio,Superiore ai limiti,1
canneto sulloglio,Entro i limiti,2
canonica dadda,Entro i limiti,1
canosa di puglia,Superiore ai limiti,1
canossa,Non quantificabile,1
cantarana,Entro i limiti,1
cantù,Superiore ai limiti,1
caorle,Entro i limiti,1
caorle,Superiore ai limiti,2
caorso,Superiore ai limiti,1
capaccio(sa),Superiore ai limiti,1
capalbio,Entro i limiti,1
capalbio,Non quantificabile,1
capergnanica,Entro i limiti,1
capodimonte,Non quantificabile,1
cappella cantone,Entro i limiti,1
capraia e limite,Entro i limiti,1
caprarola,Non quantificabile,1
capriolo,Entro i limiti,1
capua(ce),Superiore ai limiti,1
carassai,Non quantificabile,1
carbonera,Superiore ai limiti,1
carema,Non quantificabile,1
caresana,Superiore ai limiti,1
caresanablot,Entro i limiti,1
carignano,Entro i limiti,1
carinola(ce),Non quantificabile,1
carisio,Entro i limiti,1
carmignano,Superiore ai limiti,1
carnate,Superiore ai limiti,1
carovigno,Non quantificabile,1
carpaneto piacentino,Non quantificabile,1
carpi,Superiore ai limiti,1
carpino,Non quantificabile,1
casal cermelli,Non quantificabile,1
casale sul sile,Superiore ai limiti,2
casalecchio di reno,Superiore ai limiti,1
casaleone,Entro i limiti,1
casaleone,Superiore ai limiti,1
casaletto ceredano,Superiore ai limiti,1
casaletto di sopra,Non quantificabile,1
casalino,Superiore ai limiti,1
casalmoro,Entro i limiti,1
casalnuovo monterotaro,Entro i limiti,1
casalpusterlengo,Superiore ai limiti,1
casalvelino(sa),Non quantificabile,1
casalvelino(sa),Superiore ai limiti,1
casanova elvo,Superiore ai limiti,1
casarile,Superiore ai limiti,1
caselleinpittari(sa),Non quantificabile,1
casnigo,Superiore ai limiti,1
cassano magnago,Superiore ai limiti,1
castel bolognese,Entro i limiti,1
castel focognano,Non quantificabile,1
castel gandolfo,Non quantificabile,1
castel maggiore,Non quantificabile,1
castel san giovanni,Superiore ai limiti,2
castel san pietro terme,Entro i limiti,1
castel san vincenzo,Non quantificabile,1
castelbellino,Non quantificabile,1
castelcampagnano(ce),Superiore ai limiti,1
castelcucco,Non quantificabile,1
casteldisasso(ce),Non quantificabile,1
castelfidardo,Non quantificabile,1
castelforte,Entro i limiti,1
castelgoffredo,Entro i limiti,1
castellarano,Non quantificabile,1
castello di annone,Entro i limiti,1
castello di godego,Non quantificabile,1
castellodicisterna(na),Superiore ai limiti,1
castellucchio,Superiore ai limiti,1
castelmarte,Non quantificabile,1
castelmassa,Entro i limiti,1
castelmella,Entro i limiti,1
castelmella,Superiore ai limiti,1
castelnovocilento(sa),Non quantificabile,1
castelnuovo belbo,Superiore ai limiti,1
castelnuovo bocca dadda,Superiore ai limiti,2
castelnuovo scrivia,Non quantificabile,1
castelpoto(bn),Non quantificabile,1
castelraimondo,Non quantificabile,2
castelvenere(bn),Superiore ai limiti,1
castelvetrano,Superiore ai limiti,1
castelvolturno(ce),Superiore ai limiti,1
castenaso,Non quantificabile,1
castenedolo,Entro i limiti,1
castiglion fiorentino,Superiore ai limiti,2
castiglione d'orcia,Entro i limiti,1
castiglione del lago,Entro i limiti,1
castiglione del lago,Superiore ai limiti,1
castiglione della pescaia,Superiore ai limiti,1
castiraga vidardo,Superiore ai limiti,1
castrezzato,Superiore ai limiti,1
castro,Non quantificabile,2
castro dei volsci,Entro i limiti,1
castrocaro terme e terra del sole,Superiore ai limiti,1
castronuovo di sicilia,Entro i limiti,1
castronuovo di sicilia,Non quantificabile,1
castropignano,Non quantificabile,1
cattolica,Entro i limiti,1
cattolica,Superiore ai limiti,1
cavade'tirreni(sa),Superiore ai limiti,1
cavarzere,Entro i limiti,1
cavarzere,Non quantificabile,1
cavarzere,Superiore ai limiti,1
cavenago,Superiore ai limiti,1
cavriglia,Entro i limiti,1
cavriglia,Non quantificabile,1
cazzago brabbia,Superiore ai limiti,1
cazzago s. martino,Superiore ai limiti,1
ceccano,Non quantificabile,1
ceccano,Superiore ai limiti,1
cecina,Non quantificabile,1
ceggia,Superiore ai limiti,1
celenza valfortore,Entro i limiti,1
celledibulgheria(sa),Non quantificabile,1
cellino attanasio,Non quantificabile,2
cellole(ce),Superiore ai limiti,1
centallo,Non quantificabile,1
centola(sa),Non quantificabile,2
ceprano,Non quantificabile,1
cerano,Non quantificabile,1
cerano,Superiore ai limiti,1
ceranova,Superiore ai limiti,1
cerea,Superiore ai limiti,3
ceres,Non quantificabile,1
ceresara,Superiore ai limiti,1
ceriale,Superiore ai limiti,1
cerignola,Non quantificabile,1
cerignola,Superiore ai limiti,2
cernobbio,Superiore ai limiti,1
cerrina,Entro i limiti,1
cervesina,Superiore ai limiti,1
cerveteri,Entro i limiti,1
cervia,Non quantificabile,1
cesano maderno,Superiore ai limiti,1
cesena,Non quantificabile,3
cesenatico,Non quantificabile,1
cesinali(av),Non quantificabile,1
charvensod,Non quantificabile,1
chiarano,Superiore ai limiti,1
chiari,Non quantificabile,1
chieuti,Entro i limiti,1
chieuti,Superiore ai limiti,1
chieve,Superiore ai limiti,1
chignolo po,Superiore ai limiti,1
chioggia,Entro i limiti,3
chioggia,Superiore ai limiti,1
chiusdino,Non quantificabile,1
chiusi,Entro i limiti,1
chivasso,Entro i limiti,1
chivasso,Superiore ai limiti,1
châtillon,Non quantificabile,1
cigognolo,Entro i limiti,1
cingoli,Superiore ai limiti,1
cinigiano,Non quantificabile,1
citerna,Entro i limiti,1
città di castello,Entro i limiti,2
città di castello,Superiore ai limiti,1
città sant' angelo,Non quantificabile,1
civezzano,Non quantificabile,1
cividate al piano,Non quantificabile,1
civita castellana,Entro i limiti,1
civitanova del sannio,Non quantificabile,1
civitanova marche,Non quantificabile,1
civitella del tronto,Non quantificabile,1
claino  con osteno,Entro i limiti,1
cles,Entro i limiti,1
codevigo,Superiore ai limiti,2
codigoro,Entro i limiti,1
codigoro,Superiore ai limiti,1
colbordolo,Non quantificabile,1
colle d'anchise,Non quantificabile,1
colledara,Non quantificabile,1
colleferro,Non quantificabile,1
colleferro,Superiore ai limiti,1
collesalvetti,Non quantificabile,1
colli al volturno,Non quantificabile,1
colli sul velino,Non quantificabile,1
collio,Entro i limiti,3
collio,Non quantificabile,1
collobiano,Superiore ai limiti,1
cologna veneta,Superiore ai limiti,1
colombare,Superiore ai limiti,1
colorno,Superiore ai limiti,4
comacchio,Superiore ai limiti,2
comano terme,Entro i limiti,3
comano terme,Non quantificabile,1
comiso,Superiore ai limiti,1
como,Superiore ai limiti,2
comunanza,Non quantificabile,1
cona,Entro i limiti,1
consiglio di rumo,Non quantificabile,1
contigliano,Non quantificabile,1
controne(sa),Non quantificabile,1
contà,Entro i limiti,1
conzadellacampania(av),Non quantificabile,1
conzadellacampania(av),Superiore ai limiti,1
corbola,Superiore ai limiti,1
correzzola,Superiore ai limiti,1
corridonia,Non quantificabile,1
corte de' frati,Non quantificabile,1
cortemaggiore,Superiore ai limiti,1
corteno golgi,Non quantificabile,1
cortenova,Non quantificabile,1
cortiglione,Superiore ai limiti,1
cortina d'ampezzo,Non quantificabile,1
cortino,Non quantificabile,1
cossano belbo,Entro i limiti,1
cossato,Non quantificabile,3
cossogno,Superiore ai limiti,1
costa di rovigo,Non quantificabile,1
costa volpino,Non quantificabile,1
costamasnaga,Superiore ai limiti,1
credaro,Entro i limiti,1
crema,Entro i limiti,1
crema,Superiore ai limiti,1
cremona,Entro i limiti,1
cremona,Superiore ai limiti,2
crespadoro,Non quantificabile,1
crespiatica,Non quantificabile,1
crognaleto,Non quantificabile,4
cuggiono,Entro i limiti,1
cumignano sul naviglio,Non quantificabile,1
cuneo,Non quantificabile,1
curtarolo,Entro i limiti,1
darfo boario terme,Non quantificabile,1
denno,Entro i limiti,1
deruta,Superiore ai limiti,1
dogliani,Entro i limiti,1
dosolo,Superiore ai limiti,1
empoli,Superiore ai limiti,1
enna,Non quantificabile,1
eraclea,Superiore ai limiti,2
erba,Non quantificabile,1
esine,Entro i limiti,1
este,Superiore ai limiti,1
fabriano,Entro i limiti,1
fabriano,Non quantificabile,4
faenza,Non quantificabile,1
falconara marittima,Non quantificabile,1
fano,Non quantificabile,1
fano adriano,Non quantificabile,2
fara gera dadda,Non quantificabile,1
felizzano,Entro i limiti,1
feltre,Non quantificabile,1
ferentino,Non quantificabile,2
fermo,Non quantificabile,1
ferrandina,Non quantificabile,2
ferrara,Entro i limiti,1
ferrara,Superiore ai limiti,1
ferrera di varese,Superiore ai limiti,1
fidenza,Non quantificabile,1
fiesole,Entro i limiti,1
figline e incisa valdarno,Entro i limiti,1
figline e incisa valdarno,Superiore ai limiti,1
filago,Superiore ai limiti,1
fino mornasco,Superiore ai limiti,1
firenze,Entro i limiti,2
firenze,Superiore ai limiti,1
fiumefreddo di sicilia,Superiore ai limiti,1
fiumicino,Non quantificabile,1
fiumicino,Superiore ai limiti,1
flero,Superiore ai limiti,1
foggia,Superiore ai limiti,3
foglianise(bn),Superiore ai limiti,1
foligno,Non quantificabile,1
follonica,Entro i limiti,1
fombio,Superiore ai limiti,1
fondi,Non quantificabile,1
fondi,Superiore ai limiti,1
fontanelle,Entro i limiti,1
fontanelle,Non quantificabile,2
fontaneto d'agogna,Entro i limiti,1
forli',Non quantificabile,2
forli',Superiore ai limiti,1
formigliana,Superiore ai limiti,1
fortezza,Non quantificabile,1
fosdinovo,Superiore ai limiti,1
fossalta di piave,Non quantificabile,1
fossano,Non quantificabile,1
fossombrone,Entro i limiti,1
fragnetol'abate(bn),Non quantificabile,1
frassineto po,Superiore ai limiti,1
frassotelesino(bn),Non quantificabile,1
fratta polesine,Entro i limiti,1
fucecchio,Entro i limiti,1
fucecchio,Superiore ai limiti,1
futani(sa),Non quantificabile,1
gabbioneta,Superiore ai limiti,1
gabbioneta binanuova,Entro i limiti,1
gabicce mare,Non quantificabile,1
gaiarine,Non quantificabile,1
gaiarine,Superiore ai limiti,1
gaiole in chianti,Superiore ai limiti,1
gallicano,Non quantificabile,1
galliera,Non quantificabile,1
gallio,Non quantificabile,1
gambassi terme,Non quantificabile,1
gambatesa,Non quantificabile,1
garzigliana,Non quantificabile,1
gavardo/villanova,Non quantificabile,1
gavirate,Entro i limiti,1
gavirate,Superiore ai limiti,1
gazzo veronese,Superiore ai limiti,1
gazzuolo,Superiore ai limiti,2
gela,Entro i limiti,1
genga,Non quantificabile,1
genivolta,Entro i limiti,1
genzano di lucania,Entro i limiti,1
genzano di lucania,Non quantificabile,2
gera lario,Non quantificabile,1
germignaga,Entro i limiti,1
gerre de' caprioli,Superiore ai limiti,1
ghedi,Entro i limiti,1
giacciano con baruchella,Entro i limiti,2
giarratana,Non quantificabile,1
ginosa,Superiore ai limiti,1
giungano(sa),Non quantificabile,1
goito,Entro i limiti,1
goito,Superiore ai limiti,1
gorgo al monticano,Entro i limiti,1
gorizia,Non quantificabile,1
gottolengo,Superiore ai limiti,1
grado,Non quantificabile,10
grandola ed uniti,Non quantificabile,1
gravellona toce,Superiore ai limiti,2
gravina in puglia,Entro i limiti,1
gravina in puglia,Superiore ai limiti,1
grazzanise(ce),Superiore ai limiti,1
gressan,Non quantificabile,1
gropparello,Non quantificabile,1
grosio,Non quantificabile,1
grosseto,Superiore ai limiti,1
grottaminarda(av),Superiore ai limiti,1
grottammare,Non quantificabile,1
grumento nova,Entro i limiti,2
grumento nova,Non quantificabile,1
gualtieri,Entro i limiti,1
gualtieri,Superiore ai limiti,1
guardea,Superiore ai limiti,1
guazzora,Non quantificabile,1
gubbio,Entro i limiti,1
gubbio,Superiore ai limiti,1
gussago,Superiore ai limiti,1
gussola,Superiore ai limiti,1
hône,Non quantificabile,1
imola,Non quantificabile,1
imola,Superiore ai limiti,1
irsina,Non quantificabile,2
ischia di castro,Non quantificabile,2
ischitella,Entro i limiti,1
isola d'asti,Entro i limiti,1
isola del gran sasso d'italia,Non quantificabile,2
isola della scala,Entro i limiti,2
isola dovarese,Superiore ai limiti,1
isola rizza,Superiore ai limiti,1
isola sant'antonio,Superiore ai limiti,1
ispra,Superiore ai limiti,1
issiglio,Superiore ai limiti,1
issogne,Non quantificabile,1
jesolo,Entro i limiti,1
jesolo,Superiore ai limiti,1
la salle,Non quantificabile,1
lacedonia(av),Non quantificabile,2
laces,Non quantificabile,1
lagonegro,Non quantificabile,1
lainate,Superiore ai limiti,1
lanuvio,Entro i limiti,1
larciano,Superiore ai limiti,1
larino,Non quantificabile,1
lasnigo,Non quantificabile,1
laterina pergine valdarno,Non quantificabile,1
latina,Entro i limiti,2
latina,Non quantificabile,3
latina,Superiore ai limiti,2
lauria,Non quantificabile,3
lauriano,Superiore ai limiti,1
lavello,Entro i limiti,2
laveno mombello,Superiore ai limiti,1
lavis,Non quantificabile,1
lecco,Entro i limiti,2
legnago,Entro i limiti,5
legnano,Superiore ai limiti,1
lenna,Non quantificabile,1
lentate sul seveso,Superiore ai limiti,1
lesina,Entro i limiti,2
lesina,Non quantificabile,1
lesina,Superiore ai limiti,1
lesmo,Superiore ai limiti,1
levico terme,Non quantificabile,1
lezzeno,Non quantificabile,1
licata,Superiore ai limiti,1
licodia eubea,Entro i limiti,1
lignano sabbiadoro,Non quantificabile,1
limatola(bn),Superiore ai limiti,1
limone sul garda,Entro i limiti,1
livo,Non quantificabile,1
locate triulzi,Superiore ai limiti,1
lodi vecchio,Superiore ai limiti,1
lodrino,Entro i limiti,1
lograto,Superiore ai limiti,1
lomagna,Entro i limiti,1
lomagna/usmate,Superiore ai limiti,1
lomazzo,Superiore ai limiti,1
lombardore,Entro i limiti,1
longare,Superiore ai limiti,1
longarone,Non quantificabile,1
lonigo,Entro i limiti,1
lonigo,Superiore ai limiti,1
loreggia,Entro i limiti,2
loria,Entro i limiti,2
lovero,Non quantificabile,1
lozzo atestino,Superiore ai limiti,2
lu,Superiore ai limiti,1
lucera,Entro i limiti,2
lucera,Superiore ai limiti,1
lugo,Superiore ai limiti,1
luino,Entro i limiti,1
luino,Non quantificabile,1
luogosano(av),Non quantificabile,1
lurano,Entro i limiti,1
macerata,Non quantificabile,1
maggiora,Entro i limiti,1
magliano de' marsi,Non quantificabile,1
maiori(sa),Non quantificabile,2
malalbergo,Superiore ai limiti,1
malesco,Superiore ai limiti,1
malnate,Superiore ai limiti,1
manciano,Superiore ai limiti,1
mandello,Non quantificabile,1
manerba del garda,Superiore ai limiti,1
manfredonia,Superiore ai limiti,3
maniace,Non quantificabile,1
maniace,Superiore ai limiti,1
mantova,Entro i limiti,1
marano di valpolicella,Non quantificabile,1
marano lagunare,Entro i limiti,1
marano lagunare,Non quantificabile,7
marano sul panaro,Non quantificabile,1
maranzana,Superiore ai limiti,1
maratea,Non quantificabile,1
marcaria,Superiore ai limiti,1
marciano della chiana,Superiore ai limiti,1
mareno di piave,Entro i limiti,1
mareno di piave,Superiore ai limiti,1
mariano comense,Superiore ai limiti,1
marineo,Non quantificabile,1
marmirolo,Entro i limiti,1
marmirolo,Non quantificabile,1
marradi,Entro i limiti,1
marsciano,Superiore ai limiti,3
marsico nuovo,Non quantificabile,1
marsicovetere,Non quantificabile,1
marta,Non quantificabile,1
martellago,Entro i limiti,1
massa e cozzile,Superiore ai limiti,1
massanzago,Entro i limiti,1
massarosa,Non quantificabile,1
masserano,Non quantificabile,1
matera,Entro i limiti,1
matera,Non quantificabile,1
mazara del vallo,Entro i limiti,1
medicina,Superiore ai limiti,2
megliadino san vitale,Entro i limiti,1
melazzo,Non quantificabile,1
melfi,Non quantificabile,2
melizzano(bn),Non quantificabile,1
menaggio,Non quantificabile,1
meolo,Entro i limiti,1
merana,Superiore ai limiti,1
mercatello sul metauro,Non quantificabile,1
mercato saraceno,Superiore ai limiti,1
merlara,Entro i limiti,1
merone,Entro i limiti,1
mesola,Superiore ai limiti,1
mezzana bigli,Superiore ai limiti,1
mezzolombardo,Entro i limiti,2
milano,Entro i limiti,1
milano,Superiore ai limiti,1
minervino murge,Superiore ai limiti,1
minturno,Non quantificabile,1
mira,Entro i limiti,4
mira,Superiore ai limiti,1
mirano,Entro i limiti,2
modena,Entro i limiti,1
mogliano veneto,Entro i limiti,1
mogliano veneto,Superiore ai limiti,1
mombaldone,Superiore ai limiti,1
monastero bormida,Superiore ai limiti,2
moncalieri,Superiore ai limiti,2
mondolfo,Non quantificabile,1
mondragone(ce),Superiore ai limiti,2
mongrando,Non quantificabile,1
monguelfo-tesido,Non quantificabile,1
monreale,Superiore ai limiti,3
monsampolo del tronto,Entro i limiti,1
monsummano terme,Entro i limiti,1
monsummano terme,Superiore ai limiti,1
montagna in valtellina,Non quantificabile,1
montaguto(av),Non quantificabile,1
montaione,Non quantificabile,1
montalbano jonico,Non quantificabile,1
montale,Non quantificabile,1
montalto di castro,Non quantificabile,1
montanaso lombardo,Entro i limiti,1
montaquila,Non quantificabile,1
monte romano,Non quantificabile,1
montecastello,Superiore ai limiti,1
montecchia di crosara,Non quantificabile,1
montecorice(sa),Superiore ai limiti,1
montefalco,Entro i limiti,1
monteforte d'alpone,Entro i limiti,2
montegranaro,Non quantificabile,1
montelibretti,Non quantificabile,1
montemurlo,Non quantificabile,2
montemurro,Non quantificabile,1
montenero di bisaccia,Non quantificabile,1
montepulciano,Entro i limiti,1
monterchi,Non quantificabile,1
montesanosullamarcellana(sa),Non quantificabile,1
montesarchio(bn),Non quantificabile,1
montescaglioso,Non quantificabile,3
monteviale,Entro i limiti,1
montichiari,Superiore ai limiti,1
montjovet,Non quantificabile,1
montodine,Superiore ai limiti,1
montopoli in val d'arno,Non quantificabile,1
montorio al vomano,Non quantificabile,2
montoro(av),Non quantificabile,1
montorso vicentino,Non quantificabile,1
montù beccaria,Entro i limiti,1
morciano di romagna,Non quantificabile,1
morcone(bn),Non quantificabile,2
morgex,Non quantificabile,1
mori,Entro i limiti,1
morigerati(sa),Non quantificabile,3
mornico al serio,Superiore ai limiti,1
morrone del sannio,Non quantificabile,1
mosciano sant'angelo,Non quantificabile,1
motta de' conti,Superiore ai limiti,2
motta di livenza,Entro i limiti,1
mozzanica,Entro i limiti,1
muccia,Non quantificabile,1
mussolente,Non quantificabile,1
nago-torbole,Non quantificabile,2
nanto,Entro i limiti,1
nardò,Superiore ai limiti,1
narni,Entro i limiti,2
narzole,Non quantificabile,1
neive,Entro i limiti,1
nembro,Entro i limiti,1
nemi,Non quantificabile,1
nemoli,Non quantificabile,1
neviano degli arduini,Non quantificabile,1
niscemi,Entro i limiti,1
noale,Entro i limiti,2
nogara,Entro i limiti,1
nogara,Superiore ai limiti,2
nogarole rocca,Entro i limiti,1
nola(na),Entro i limiti,1
nola(na),Superiore ai limiti,1
nomi,Entro i limiti,2
novara,Entro i limiti,2
novara,Superiore ai limiti,1
novella,Entro i limiti,1
novella,Non quantificabile,1
noventa padovana,Non quantificabile,1
noventa padovana,Superiore ai limiti,1
noventa vicentina,Superiore ai limiti,1
numana,Non quantificabile,2
nuvolento,Non quantificabile,1
occimiano,Superiore ai limiti,1
oderzo,Entro i limiti,1
oleggio,Entro i limiti,1
olevanosultusciano(sa),Entro i limiti,1
omegna,Non quantificabile,1
oppeano,Entro i limiti,1
orbetello,Entro i limiti,2
orbetello,Non quantificabile,1
orio litta,Superiore ai limiti,1
ortona,Non quantificabile,1
orvieto,Entro i limiti,1
orvieto,Superiore ai limiti,1
osimo,Non quantificabile,1
ostellato,Superiore ai limiti,1
ostra,Non quantificabile,1
otranto,Non quantificabile,1
ottobiano,Superiore ai limiti,1
oviglio,Superiore ai limiti,1
paderno dugnano,Superiore ai limiti,1
padova,Entro i limiti,1
padova,Superiore ai limiti,1
paladina,Entro i limiti,1
palagiano,Entro i limiti,1
palagiano,Superiore ai limiti,1
palazzago,Non quantificabile,1
palazzolo sull'oglio,Non quantificabile,1
palermo,Superiore ai limiti,1
palma di montechiaro,Superiore ai limiti,1
palosco,Superiore ai limiti,3
parabiago,Non quantificabile,1
parma,Entro i limiti,1
partinico,Entro i limiti,1
partinico,Superiore ai limiti,1
paternopoli(av),Superiore ai limiti,1
pavia,Superiore ai limiti,2
pedaso,Non quantificabile,1
pegognaga,Superiore ai limiti,1
pelago,Entro i limiti,1
pelago,Non quantificabile,1
pellegrino parmense,Non quantificabile,1
pellezzano(sa),Non quantificabile,1
pergine valsugana,Entro i limiti,1
pergine valsugana,Non quantificabile,2
pergola,Non quantificabile,1
perledo,Entro i limiti,1
pernumia,Entro i limiti,1
pernumia,Non quantificabile,1
pero,Superiore ai limiti,1
perugia,Superiore ai limiti,1
pesaro,Non quantificabile,3
peschiera borromeo,Superiore ai limiti,1
peschiera del garda,Entro i limiti,1
pescia,Non quantificabile,1
pescina,Non quantificabile,1
pescopagano,Non quantificabile,1
petralia sottana,Superiore ai limiti,1
petriolo,Non quantificabile,1
pezzaze,Entro i limiti,1
piacenza,Non quantificabile,2
piadena,Superiore ai limiti,2
piana degli albanesi,Entro i limiti,1
piana degli albanesi,Non quantificabile,1
piana degli albanesi,Superiore ai limiti,1
piancastagnaio,Non quantificabile,1
piancogno,Non quantificabile,1
piazzola sul brenta,Non quantificabile,1
piegaro,Superiore ai limiti,1
pietrasanta,Entro i limiti,1
pieve del cairo,Superiore ai limiti,1
pieve di cadore,Non quantificabile,1
pieve porto morone,Superiore ai limiti,1
pieve santo stefano,Non quantificabile,2
pieve vergonte,Superiore ai limiti,2
pignola,Non quantificabile,1
pineto,Non quantificabile,1
piombino dese,Entro i limiti,1
piombino dese,Non quantificabile,2
pisa,Entro i limiti,1
pisogne,Entro i limiti,1
pisticci,Entro i limiti,1
pistoia,Entro i limiti,3
pistoia,Non quantificabile,5
pistoia,Superiore ai limiti,1
pizzighettone,Entro i limiti,2
poggibonsi,Entro i limiti,1
poggibonsi,Non quantificabile,1
poggibonsi,Superiore ai limiti,1
poggio torriana,Non quantificabile,1
poiana maggiore,Superiore ai limiti,1
polesella,Entro i limiti,1
polla(sa),Superiore ai limiti,1
polonghera,Entro i limiti,1
pomarance,Non quantificabile,2
ponte buggianese,Superiore ai limiti,3
ponte di piave,Entro i limiti,1
ponte di piave,Superiore ai limiti,1
ponte nelle alpi,Non quantificabile,1
ponte nizza,Entro i limiti,1
ponte nossa,Entro i limiti,1
ponte nossa,Non quantificabile,1
ponte san nicolò,Entro i limiti,1
ponte(bn),Non quantificabile,1
pontecorvo,Entro i limiti,1
pontenure,Non quantificabile,1
pontestura,Superiore ai limiti,1
pontey,Non quantificabile,1
ponti sul mincio,Superiore ai limiti,1
pontida,Entro i limiti,1
pontinia,Non quantificabile,1
pontinia,Superiore ai limiti,1
pontremoli,Superiore ai limiti,1
ponzone,Superiore ai limiti,1
porlezza,Non quantificabile,2
portalbera,Superiore ai limiti,1
porto  ceresio,Superiore ai limiti,1
porto cesareo,Entro i limiti,1
porto mantovano,Entro i limiti,1
porto recanati,Non quantificabile,1
porto sant'elpidio,Non quantificabile,1
porto tolle,Entro i limiti,4
porto tolle,Non quantificabile,3
porto viro,Entro i limiti,1
porto viro,Non quantificabile,1
porto viro,Superiore ai limiti,1
portogruaro,Superiore ai limiti,1
potenza,Non quantificabile,2
povegliano,Entro i limiti,1
pozzolengo,Superiore ai limiti,1
pozzonovo,Entro i limiti,1
pozzuoli (na),Non quantificabile,2
pozzuoli(na),Superiore ai limiti,1
pragelato,Superiore ai limiti,2
pralboino,Superiore ai limiti,1
pramaggiore,Entro i limiti,1
prata camportaccio,Non quantificabile,1
prato,Non quantificabile,1
prato,Superiore ai limiti,1
predaia,Superiore ai limiti,1
preganziol,Entro i limiti,1
premana,Entro i limiti,1
prevalle,Non quantificabile,1
prizzi,Entro i limiti,1
prossedi,Non quantificabile,1
pré-saint-didier,Non quantificabile,1
quarrata,Entro i limiti,2
quarrata,Superiore ai limiti,3
quart,Non quantificabile,1
quarto d'altino,Superiore ai limiti,2
quattro castella,Non quantificabile,1
quinto vercellese,Entro i limiti,1
quistello,Superiore ai limiti,2
racconigi,Entro i limiti,1
ragogna,Entro i limiti,1
ragusa,Entro i limiti,2
ragusa,Superiore ai limiti,2
rapolla,Non quantificabile,1
ravenna,Entro i limiti,1
ravenna,Non quantificabile,2
ravenna,Superiore ai limiti,7
re,Entro i limiti,1
rea,Superiore ai limiti,1
recanati,Non quantificabile,1
redondesco,Superiore ai limiti,1
reggello,Entro i limiti,1
reggio nell'emilia,Non quantificabile,1
reggio nell'emilia,Superiore ai limiti,1
resana,Superiore ai limiti,1
revine lago,Entro i limiti,1
rezzato,Non quantificabile,1
rho,Entro i limiti,1
rho,Superiore ai limiti,1
riccione,Superiore ai limiti,2
riese pio x,Entro i limiti,1
rieti,Entro i limiti,2
rieti,Non quantificabile,2
rignano garganico,Superiore ai limiti,2
rimini,Entro i limiti,1
rimini,Non quantificabile,1
rimini,Superiore ai limiti,1
rionero,Non quantificabile,1
ripacandida,Entro i limiti,1
riparbella,Non quantificabile,1
ripe,Non quantificabile,1
riva del po,Superiore ai limiti,1
rivarolo del re ed uniti,Superiore ai limiti,1
roccadaspide(sa),Non quantificabile,1
roccapiemonte(sa),Superiore ai limiti,1
roccavivara,Non quantificabile,1
rodigo,Entro i limiti,1
rodigo,Superiore ai limiti,1
roma,Entro i limiti,3
roma,Non quantificabile,3
roma,Superiore ai limiti,2
romagnanoalmonte(sa),Non quantificabile,1
roncade,Entro i limiti,2
roncegno terme,Non quantificabile,1
roncoferraro,Entro i limiti,1
roncoferraro,Superiore ai limiti,2
roseto degli abruzzi,Non quantificabile,1
rosignano marittimo,Non quantificabile,2
rosolina,Entro i limiti,2
rosolina,Non quantificabile,1
rotondella,Non quantificabile,1
rovasenda,Superiore ai limiti,1
rovato,Non quantificabile,1
roverchiara,Entro i limiti,1
rovereto,Entro i limiti,1
roverè della luna,Superiore ai limiti,1
rovigo,Entro i limiti,1
rovigo,Non quantificabile,2
rovolon,Superiore ai limiti,1
rudiano,Non quantificabile,1
s. angelo lodigiano,Superiore ai limiti,1
s. benedetto po,Superiore ai limiti,2
s. donato milanese,Superiore ai limiti,1
s. giuliano milanese,Superiore ai limiti,1
s. martino in strada,Superiore ai limiti,1
s. stefano lodigiano,Superiore ai limiti,1
s. zenone po,Entro i limiti,1
s.angelodeilombardi(av),Non quantificabile,1
s.marinapolicastrobus.(sa),Non quantificabile,1
sabaudia,Entro i limiti,1
sabaudia,Non quantificabile,3
sabbioneta,Superiore ai limiti,1
saccolongo,Superiore ai limiti,1
sagrado,Non quantificabile,1
salandra,Non quantificabile,1
salara,Entro i limiti,1
salcedo,Non quantificabile,1
salerno(sa),Entro i limiti,1
salgareda,Superiore ai limiti,1
salorno,Entro i limiti,1
salorno,Superiore ai limiti,1
salsomaggiore terme,Non quantificabile,1
saluggia,Superiore ai limiti,1
salussola,Superiore ai limiti,1
saluzzo,Entro i limiti,1
saluzzo,Non quantificabile,1
salvitelle(sa),Non quantificabile,1
salzano,Superiore ai limiti,1
samolaco,Non quantificabile,1
san benedetto del tronto,Entro i limiti,1
san benedetto del tronto,Non quantificabile,1
san benedetto po,Superiore ai limiti,1
san biagio di callalta,Non quantificabile,1
san biagio di callalta,Superiore ai limiti,1
san bonifacio,Entro i limiti,1
san candido,Non quantificabile,1
san casciano in val di pesa,Entro i limiti,1
san daniele po,Superiore ai limiti,1
san giorgio a liri,Non quantificabile,1
san giorgio delle pertiche,Entro i limiti,1
san giorgio in bosco,Entro i limiti,2
san giorgio lucano,Non quantificabile,1
san giovanni ilarione,Non quantificabile,1
san giovanni in persiceto,Superiore ai limiti,1
san giovanni lupatoto,Entro i limiti,1
san lazzaro di savena,Non quantificabile,1
san leo,Non quantificabile,1
san marco in lamis,Superiore ai limiti,3
san martino alfieri,Non quantificabile,1
san martino buon albergo,Entro i limiti,2
san martino buon albergo,Non quantificabile,2
san michele al tagliamento,Entro i limiti,1
san michele all'adige,Entro i limiti,1
san michele all'adige,Non quantificabile,1
san miniato,Non quantificabile,1
san paolo civitate,Superiore ai limiti,1
san pietro mosezzo,Superiore ai limiti,1
san polo d'enza,Non quantificabile,1
san secondo parmense,Non quantificabile,1
san severino marche,Non quantificabile,1
san severo,Superiore ai limiti,1
san vendemiano,Entro i limiti,1
sanbartolomeoingaldo(bn),Non quantificabile,1
sandrigo,Entro i limiti,1
sandrigo,Non quantificabile,1
sanmarzanosulsarno(sa),Entro i limiti,1
sanmarzanosulsarno(sa),Superiore ai limiti,1
sannazzaro de' burgondi,Superiore ai limiti,1
sansepolcro,Entro i limiti,2
sant'agata di militello,Entro i limiti,1
sant'agata di puglia,Superiore ai limiti,1
sant'angelo in lizzola,Non quantificabile,1
sant'egidio alla vibrata,Non quantificabile,1
sant'ilario d'enza,Non quantificabile,1
sant'urbano,Superiore ai limiti,2
sant.angelo lodigiano,Superiore ai limiti,1
santa giustina in colle,Entro i limiti,1
santa luce,Non quantificabile,1
santa maria a monte,Superiore ai limiti,1
santa marinella,Non quantificabile,1
santa sofia,Non quantificabile,1
santarcangelo di romagna,Non quantificabile,1
santo stefano belbo,Superiore ai limiti,1
santorso,Non quantificabile,1
sanvalentinotorio(sa),Superiore ai limiti,1
sanza(sa),Non quantificabile,1
sarconi,Non quantificabile,1
sarego,Non quantificabile,2
sarezzo,Non quantificabile,1
sarezzo,Superiore ai limiti,1
sarmato,Entro i limiti,1
sarnico,Entro i limiti,1
sarno(sa),Non quantificabile,2
sassocorvaro,Non quantificabile,1
sassoferrato,Non quantificabile,1
sassuolo,Non quantificabile,1
savigliano,Non quantificabile,3
savignano sul rubicone,Superiore ai limiti,1
savogna d'isonzo,Non quantificabile,1
scafati(sa),Superiore ai limiti,1
scandiano,Non quantificabile,1
scansano,Non quantificabile,1
scanzano jonico,Non quantificabile,1
scarlino,Entro i limiti,1
scarperia e san piero,Superiore ai limiti,1
schio,Non quantificabile,1
scorzè,Entro i limiti,2
segni,Superiore ai limiti,1
senigallia,Entro i limiti,1
senigallia,Non quantificabile,1
senise,Non quantificabile,2
senise,Superiore ai limiti,1
sergnano,Entro i limiti,1
seriate,Superiore ai limiti,1
sermide,Superiore ai limiti,2
sermide e felonica,Superiore ai limiti,1
sermoneta,Non quantificabile,1
serra san quirico,Non quantificabile,1
serravalle a po,Superiore ai limiti,1
serravalle di chienti,Superiore ai limiti,1
serre(sa),Non quantificabile,1
sesto calende,Entro i limiti,2
sesto campano,Non quantificabile,1
sesto ed uniti,Superiore ai limiti,1
sezze,Non quantificabile,1
sicignanodeglialburni(sa),Entro i limiti,1
siena,Superiore ai limiti,2
silea,Entro i limiti,1
silea,Non quantificabile,1
sillano giuncugnano,Non quantificabile,2
silvano d'orba,Entro i limiti,1
silvi,Non quantificabile,1
sissa trecasali,Superiore ai limiti,1
sogliano al rubicone,Non quantificabile,1
solferino,Superiore ai limiti,1
solignano,Non quantificabile,1
somaglia,Superiore ai limiti,1
somma lombardo,Superiore ai limiti,1
sona,Entro i limiti,1
soncino,Non quantificabile,1
sondrio,Non quantificabile,1
sorgà,Superiore ai limiti,2
sortino,Entro i limiti,1
sospirolo,Non quantificabile,1
sossano,Entro i limiti,1
sossano,Superiore ai limiti,1
sovizzo,Entro i limiti,1
sperlonga,Non quantificabile,1
spinadesco,Superiore ai limiti,1
sporminore,Entro i limiti,2
stagno lombardo,Superiore ai limiti,1
stanghella,Entro i limiti,1
stigliano,Non quantificabile,1
storo,Non quantificabile,2
stra,Non quantificabile,1
strambino,Non quantificabile,1
strevi,Superiore ai limiti,1
striano(na),Entro i limiti,1
stroppo,Superiore ai limiti,1
subbiano,Non quantificabile,1
susegana,Non quantificabile,1
taggia,Non quantificabile,1
tagliacozzo,Non quantificabile,1
taglio di po,Entro i limiti,2
taglio di po,Superiore ai limiti,1
taranto,Entro i limiti,2
taranto,Non quantificabile,2
tarquinia,Non quantificabile,2
tarzo,Non quantificabile,1
tavernerio,Non quantificabile,1
teglio,Non quantificabile,1
teleseterme(bn),Entro i limiti,1
teramo,Non quantificabile,3
terni,Entro i limiti,1
terni,Non quantificabile,1
terracina,Entro i limiti,1
terracina,Non quantificabile,1
terrazzo,Entro i limiti,1
tezze sul brenta,Non quantificabile,1
tirano,Non quantificabile,1
todi,Superiore ai limiti,1
tolentino,Non quantificabile,1
tolfa,Non quantificabile,2
tolve,Non quantificabile,1
ton,Entro i limiti,1
torgiano,Superiore ai limiti,2
torino,Non quantificabile,3
torino,Superiore ai limiti,1
torre d'isola,Entro i limiti,1
torre di mosto,Entro i limiti,2
torre di mosto,Superiore ai limiti,1
torreannunziata(na),Superiore ai limiti,1
torri del benaco,Non quantificabile,2
torri di quartesolo,Entro i limiti,2
torricella sicura,Non quantificabile,1
torrita tiberina,Non quantificabile,1
toscolano maderno,Entro i limiti,1
travacò  siccomario,Superiore ai limiti,2
traversella,Superiore ai limiti,1
traversetolo,Non quantificabile,1
trecate,Superiore ai limiti,1
tremosine,Non quantificabile,2
trento,Entro i limiti,2
trento,Non quantificabile,4
trescore balneario,Non quantificabile,1
trevenzuolo,Entro i limiti,1
trevenzuolo,Superiore ai limiti,1
treviglio,Entro i limiti,1
trevignano romano,Non quantificabile,1
treviso,Entro i limiti,1
treviso,Non quantificabile,5
trezzo d' adda,Entro i limiti,1
tribano,Entro i limiti,1
tricarico,Non quantificabile,1
trinitapoli,Entro i limiti,1
trinitapoli,Superiore ai limiti,1
trino,Superiore ai limiti,1
trissino,Non quantificabile,1
troia,Entro i limiti,1
troina,Superiore ai limiti,1
trucazzano,Superiore ai limiti,1
tufo(av),Entro i limiti,1
turano lodigiano,Entro i limiti,1
tursi,Non quantificabile,1
tuscania,Non quantificabile,1
ubiale clanezzo,Non quantificabile,1
urbino,Non quantificabile,1
urbisaglia,Non quantificabile,1
vaglio basilicata,Non quantificabile,1
vairano (ce),Entro i limiti,2
vairanopatenora(ce),Superiore ai limiti,1
valbrembo,Superiore ai limiti,1
valdagno,Non quantificabile,1
valdidentro,Non quantificabile,4
valdobbiadene,Superiore ai limiti,1
valeggio sul mincio,Entro i limiti,1
valentano,Non quantificabile,1
valenza,Superiore ai limiti,2
vallata(av),Non quantificabile,1
valle castellana,Non quantificabile,2
valmadrera,Entro i limiti,1
valmadrera,Superiore ai limiti,1
valnegra,Non quantificabile,1
valprato soana,Non quantificabile,1
valsamoggia,Non quantificabile,2
vandoies,Non quantificabile,1
vaprio d'agogna,Entro i limiti,1
varese,Entro i limiti,1
varese,Superiore ai limiti,2
varisella,Superiore ai limiti,1
varzi,Non quantificabile,2
vastogirardi,Non quantificabile,1
vauda canavese,Non quantificabile,1
vazzola,Entro i limiti,1
vazzola,Superiore ai limiti,1
vedelago,Entro i limiti,1
vedelago,Non quantificabile,1
vedeseta,Non quantificabile,1
veggiano,Entro i limiti,1
veggiano,Superiore ai limiti,1
velo d'astico,Non quantificabile,1
venaria reale,Non quantificabile,2
venezia,Entro i limiti,2
venezia,Superiore ai limiti,6
venosa,Non quantificabile,2
vercurago,Entro i limiti,1
vergato,Non quantificabile,1
vernasca,Non quantificabile,2
vernio,Non quantificabile,1
vernole,Entro i limiti,1
verolanuova,Superiore ai limiti,1
verolavecchia,Non quantificabile,1
verona,Entro i limiti,2
verona,Non quantificabile,1
vertemate,Superiore ai limiti,1
vescovana,Non quantificabile,1
vescovato,Superiore ai limiti,1
vestone,Non quantificabile,1
vezza d'alba,Superiore ai limiti,1
vezzano ligure,Non quantificabile,1
viadana,Superiore ai limiti,2
viareggio,Superiore ai limiti,1
vicchio,Entro i limiti,1
vicenza,Entro i limiti,5
vicenza,Non quantificabile,3
vietri di potenza,Non quantificabile,1
vietrisulmare(sa),Non quantificabile,1
vigasio,Entro i limiti,2
vigevano,Entro i limiti,1
vigone,Non quantificabile,1
vigonza,Entro i limiti,1
villa carcina,Superiore ai limiti,1
villa di chiavenna,Non quantificabile,1
villa di tirano,Non quantificabile,1
villa lagarina,Superiore ai limiti,1
villadose,Entro i limiti,1
villadose,Non quantificabile,1
villadose,Superiore ai limiti,1
villafalletto,Non quantificabile,1
villafranca d`asti,Entro i limiti,1
villafranca di verona,Entro i limiti,1
villafranca piemonte,Non quantificabile,1
villafranca piemonte,Superiore ai limiti,1
villaga,Entro i limiti,1
villaliterno(ce),Superiore ai limiti,1
villalvernia,Non quantificabile,1
villanova d'asti,Superiore ai limiti,1
villanova marchesana,Superiore ai limiti,1
villanova sillaro,Superiore ai limiti,1
villanova sull'arda,Entro i limiti,1
villanova sull'arda,Superiore ai limiti,2
villarboit,Superiore ai limiti,1
villastellone,Superiore ai limiti,1
villaverla,Non quantificabile,1
ville d'anaunia,Entro i limiti,1
villeneuve,Non quantificabile,1
villimpenta,Superiore ai limiti,1
villorba,Superiore ai limiti,1
viola,Superiore ai limiti,1
vittoria,Superiore ai limiti,1
viverone,Non quantificabile,1
vizzolo predabissi,Superiore ai limiti,1
vo',Entro i limiti,1
vobarno,Entro i limiti,1
voghera,Non quantificabile,1
volongo/fiesse,Superiore ai limiti,1
volta mantovana,Entro i limiti,1
zapponeta,Superiore ai limiti,1
zavattarello,Non quantificabile,1
zerbolò,Entro i limiti,1
zero branco,Entro i limiti,1
zevio,Entro i limiti,2
zevio,Non quantificabile,3
ziano piacentino,Superiore ai limiti,1
zimella,Entro i limiti,2
zimella,Non quantificabile,1
zimella,Superiore ai limiti,1
zinasco,Entro i limiti,1
zogno,Non quantificabile,1
